{
  "schema_version": "1.3",
  "aiperf_version": "0.10.0",
  "benchmark_id": "508e1c56c9ed",
  "request_throughput": {
    "unit": "requests/sec",
    "avg": 0.52550956729399
  },
  "request_latency": {
    "unit": "ms",
    "avg": 15216.691521687499,
    "p1": 14935.77815579,
    "p5": 14937.14956895,
    "p10": 14940.264250499999,
    "p25": 15081.860828249999,
    "p50": 15222.569189,
    "p75": 15287.057096249999,
    "p90": 15641.5065881,
    "p95": 15643.410906799998,
    "p99": 15644.757450639998,
    "min": 14935.561099999999,
    "max": 15645.831393999999,
    "std": 203.67117608521298,
    "count": 64,
    "sum": 973868.2573879999
  },
  "request_count": {
    "unit": "requests",
    "avg": 64.0
  },
  "time_to_first_token": {
    "unit": "ms",
    "avg": 390.49816365625,
    "p1": 352.07594855,
    "p5": 353.07484819999996,
    "p10": 354.5526568,
    "p25": 357.95141974999996,
    "p50": 365.0808795,
    "p75": 380.38395275,
    "p90": 451.4621908,
    "p95": 544.8444707,
    "p99": 545.714529,
    "min": 351.95644699999997,
    "max": 546.111555,
    "std": 57.50804097874342,
    "count": 64,
    "sum": 24991.882474
  },
  "time_to_second_token": {
    "unit": "ms",
    "avg": 119.424489796875,
    "p1": 111.62562893,
    "p5": 112.62321404999999,
    "p10": 112.8589159,
    "p25": 113.47954299999999,
    "p50": 114.86488999999999,
    "p75": 116.72970825,
    "p90": 150.6837427,
    "p95": 152.8583794,
    "p99": 153.62080460999996,
    "min": 111.411548,
    "max": 154.05849899999998,
    "std": 12.533895175897277,
    "count": 64,
    "sum": 7643.167347
  },
  "inter_token_latency": {
    "unit": "ms",
    "avg": 116.77063605730632,
    "p1": 114.78222911559055,
    "p5": 114.79387528858268,
    "p10": 114.8228238023622,
    "p25": 115.50537303543307,
    "p50": 117.03008094094487,
    "p75": 117.38348578543307,
    "p90": 120.27831005590551,
    "p95": 120.2861894551181,
    "p99": 120.29043977307087,
    "min": 114.77989347244093,
    "max": 120.29506562992125,
    "std": 1.620884318665147,
    "count": 64,
    "sum": 7473.3207076676035
  },
  "output_token_throughput": {
    "unit": "tokens/sec",
    "avg": 67.24880243965279
  },
  "output_token_throughput_per_user": {
    "unit": "tokens/sec/user",
    "avg": 8.56542718942913,
    "p1": 8.31321261070309,
    "p5": 8.313506352376004,
    "p10": 8.314050967539687,
    "p25": 8.519085913892745,
    "p50": 8.544811658539162,
    "p75": 8.65762458702266,
    "p90": 8.709069912317466,
    "p95": 8.711266150298274,
    "p99": 8.71215002486263,
    "min": 8.312892925104883,
    "max": 8.712327305305466,
    "std": 0.11747044051386214,
    "count": 64,
    "sum": 548.1873401234644
  },
  "output_sequence_length": {
    "unit": "tokens",
    "avg": 127.96875,
    "p1": 127.0,
    "p5": 128.0,
    "p10": 128.0,
    "p25": 128.0,
    "p50": 128.0,
    "p75": 128.0,
    "p90": 128.0,
    "p95": 128.0,
    "p99": 128.0,
    "min": 127.0,
    "max": 128.0,
    "std": 0.17399263633843817,
    "count": 64,
    "sum": 8190.0
  },
  "input_sequence_length": {
    "unit": "tokens",
    "avg": 120.0,
    "p1": 120.0,
    "p5": 120.0,
    "p10": 120.0,
    "p25": 120.0,
    "p50": 120.0,
    "p75": 120.0,
    "p90": 120.0,
    "p95": 120.0,
    "p99": 120.0,
    "min": 120.0,
    "max": 120.0,
    "std": 0.0,
    "count": 64,
    "sum": 7680.0
  },
  "output_token_count": {
    "unit": "tokens",
    "avg": 127.96875,
    "p1": 127.0,
    "p5": 128.0,
    "p10": 128.0,
    "p25": 128.0,
    "p50": 128.0,
    "p75": 128.0,
    "p90": 128.0,
    "p95": 128.0,
    "p99": 128.0,
    "min": 127.0,
    "max": 128.0,
    "std": 0.17399263633843817,
    "count": 64,
    "sum": 8190.0
  },
  "inter_chunk_latency": {
    "unit": "ms",
    "avg": 116.75604465534637,
    "p1": 111.458992099375,
    "p5": 112.36440572279409,
    "p10": 112.87933587692307,
    "p25": 113.87028155142899,
    "p50": 115.16678287370128,
    "p75": 116.74958295833332,
    "p90": 118.9107761182716,
    "p95": 125.66650344345027,
    "p99": 153.91272085999995,
    "min": 110.2648,
    "max": 227.751104,
    "std": 7.321449395380996,
    "count": 8127,
    "sum": 948876.3749139999
  },
  "total_output_tokens": {
    "unit": "tokens",
    "avg": 8190.0
  },
  "benchmark_duration": {
    "unit": "sec",
    "avg": 121.78655534200001
  },
  "total_isl": {
    "unit": "tokens",
    "avg": 7680.0
  },
  "total_osl": {
    "unit": "tokens",
    "avg": 8190.0
  },
  "telemetry_data": {
    "summary": {
      "endpoints_configured": [],
      "endpoints_successful": [],
      "start_time": "2026-07-07T02:11:11.870150",
      "end_time": "2026-07-07T02:13:15.668243"
    },
    "endpoints": {},
    "error_summary": []
  },
  "input_config": {
    "models": {
      "items": [
        {
          "name": "/tmp/hf/hub/models--Qwen--Qwen3-30B-A3B-FP8/snapshots/d206ba732169f29bb77fbf80fc2c4b81d4d30782/"
        }
      ]
    },
    "endpoint": {
      "urls": [
        "http://127.0.0.1:30000"
      ],
      "type": "completions",
      "streaming": true,
      "extra": {
        "ignore_eos": true
      }
    },
    "datasets": [
      {
        "name": "main",
        "type": "synthetic",
        "entries": 64,
        "prompts": {
          "isl": {
            "mean": 120.0
          },
          "osl": {
            "mean": 128.0
          }
        }
      }
    ],
    "phases": [
      {
        "name": "profiling",
        "type": "concurrency",
        "requests": 64,
        "concurrency": 8
      }
    ],
    "artifacts": {
      "dir": "/tmp/aiperf-deepep-sglang-c8_isl120",
      "records": [
        "jsonl"
      ],
      "auto_plot": false,
      "plot_required": false
    },
    "tokenizer": {
      "name": "/tmp/hf/hub/models--Qwen--Qwen3-30B-A3B-FP8/snapshots/d206ba732169f29bb77fbf80fc2c4b81d4d30782/"
    },
    "gpu_telemetry": {
      "enabled": true
    },
    "server_metrics": {
      "enabled": true,
      "urls": [],
      "formats": [
        "json",
        "csv"
      ]
    },
    "otel": {},
    "mlflow": {},
    "runtime": {
      "ui": "none"
    }
  },
  "run_info": {
    "benchmark_id": "508e1c56c9ed",
    "trial": 0,
    "cli_command": "aiperf profile --model '/tmp/hf/hub/models--Qwen--Qwen3-30B-A3B-FP8/snapshots/d206ba732169f29bb77fbf80fc2c4b81d4d30782/' --tokenizer '/tmp/hf/hub/models--Qwen--Qwen3-30B-A3B-FP8/snapshots/d206ba732169f29bb77fbf80fc2c4b81d4d30782/' --url 'http://127.0.0.1:30000' --endpoint-type 'completions' --streaming --concurrency 8 --request-count 64 --synthetic-input-tokens-mean 120 --output-tokens-mean 128 --extra-inputs 'ignore_eos:true' --artifact-dir '/tmp/aiperf-deepep-sglang-c8_isl120'"
  },
  "was_cancelled": false,
  "error_summary": [],
  "start_time": "2026-07-07T02:11:11.870150",
  "end_time": "2026-07-07T02:13:13.660100",
  "http_req_connecting": {
    "unit": "ms",
    "avg": 0.222106921875,
    "p1": 0.0,
    "p5": 0.0,
    "p10": 0.0,
    "p25": 0.0,
    "p50": 0.0,
    "p75": 0.0,
    "p90": 1.5572319000000003,
    "p95": 1.7419963999999997,
    "p99": 2.063979139999999,
    "min": 0.0,
    "max": 2.265656,
    "std": 0.5934327683471265,
    "count": 64,
    "sum": 14.214843
  },
  "http_req_sending": {
    "unit": "ms",
    "avg": 0.49026479687499996,
    "p1": 0.19484452,
    "p5": 0.206331,
    "p10": 0.2092397,
    "p25": 0.227407,
    "p50": 0.24812199999999998,
    "p75": 0.26429749999999996,
    "p90": 1.9718171000000004,
    "p95": 2.2054315999999994,
    "p99": 2.5531830499999995,
    "min": 0.192133,
    "max": 2.736302,
    "std": 0.6636530732911485,
    "count": 64,
    "sum": 31.376946999999998
  },
  "http_req_data_sent": {
    "unit": "KB",
    "avg": 0.6731414794921875,
    "p1": 0.60283203125,
    "p5": 0.6171875,
    "p10": 0.63017578125,
    "p25": 0.65380859375,
    "p50": 0.6728515625,
    "p75": 0.697998046875,
    "p90": 0.712890625,
    "p95": 0.7216308593749999,
    "p99": 0.746630859375,
    "min": 0.5966796875,
    "max": 0.755859375,