{
  "schema_version": "1.3",
  "aiperf_version": "0.10.0",
  "benchmark_id": "9a959f56189c",
  "request_throughput": {
    "unit": "requests/sec",
    "avg": 1.9942573455530637
  },
  "request_latency": {
    "unit": "ms",
    "avg": 16039.617979499999,
    "p1": 15593.08541125,
    "p5": 15598.4374275,
    "p10": 15607.442353899998,
    "p25": 15757.56577025,
    "p50": 15938.06347,
    "p75": 16227.6571295,
    "p90": 16673.9238177,
    "p95": 16678.6085984,
    "p99": 16682.1420008,
    "min": 15589.702733999999,
    "max": 16683.563038,
    "std": 392.36318285383095,
    "count": 128,
    "sum": 2053071.1013759999
  },
  "request_count": {
    "unit": "requests",
    "avg": 128.0
  },
  "time_to_first_token": {
    "unit": "ms",
    "avg": 651.219381609375,
    "p1": 373.1613681,
    "p5": 419.58061419999996,
    "p10": 428.0545068,
    "p25": 458.18782925,
    "p50": 543.392268,
    "p75": 741.52863725,
    "p90": 1069.9861067,
    "p95": 1073.6047598,
    "p99": 1077.56693845,
    "min": 338.279741,
    "max": 1077.8057159999998,
    "std": 240.0027781841873,
    "count": 128,
    "sum": 83356.080846
  },
  "time_to_second_token": {
    "unit": "ms",
    "avg": 142.4009799609375,
    "p1": 107.92615063,
    "p5": 109.7890434,
    "p10": 110.70853659999999,
    "p25": 113.71028299999999,
    "p50": 122.93359849999999,
    "p75": 133.01824775,
    "p90": 236.53794539999996,
    "p95": 330.607923699999,
    "p99": 372.45196454,
    "min": 107.546644,
    "max": 373.526814,
    "std": 63.09390694236539,
    "count": 128,
    "sum": 18227.325435
  },
  "inter_token_latency": {
    "unit": "ms",
    "avg": 121.2211114329257,
    "p1": 119.39015952173229,
    "p5": 119.430956007874,
    "p10": 119.44865943779527,
    "p25": 120.742813003937,
    "p50": 120.92839626771652,
    "p75": 122.20638516929132,
    "p90": 122.88890511968503,
    "p95": 124.00355948543306,
    "p99": 124.81945737299212,
    "min": 118.5637518359375,
    "max": 125.79307596031745,
    "std": 1.4213744148508476,
    "count": 128,
    "sum": 15516.302263414493
  },
  "output_token_throughput": {
    "unit": "tokens/sec",
    "avg": 255.15587928220722
  },
  "output_token_throughput_per_user": {
    "unit": "tokens/sec/user",
    "avg": 8.250513055021933,
    "p1": 8.011571474937409,
    "p5": 8.064618162955064,
    "p10": 8.137431116534591,
    "p25": 8.18291226453069,
    "p50": 8.26935633709787,
    "p75": 8.282066444784771,
    "p90": 8.371797597828056,
    "p95": 8.373038565724297,
    "p99": 8.375899689249566,
    "min": 7.949563140625155,
    "max": 8.43428100507269,
    "std": 0.09594891974269344,
    "count": 128,
    "sum": 1056.065671042808
  },
  "output_sequence_length": {
    "unit": "tokens",
    "avg": 127.9453125,
    "p1": 127.0,
    "p5": 127.0,
    "p10": 128.0,
    "p25": 128.0,
    "p50": 128.0,
    "p75": 128.0,
    "p90": 128.0,
    "p95": 128.0,
    "p99": 128.0,
    "min": 127.0,
    "max": 129.0,
    "std": 0.25946440477211896,
    "count": 128,
    "sum": 16377.0
  },
  "input_sequence_length": {
    "unit": "tokens",
    "avg": 120.0,
    "p1": 120.0,
    "p5": 120.0,
    "p10": 120.0,
    "p25": 120.0,
    "p50": 120.0,
    "p75": 120.0,
    "p90": 120.0,
    "p95": 120.0,
    "p99": 120.0,
    "min": 120.0,
    "max": 120.0,
    "std": 0.0,
    "count": 128,
    "sum": 15360.0
  },
  "output_token_count": {
    "unit": "tokens",
    "avg": 127.9453125,
    "p1": 127.0,
    "p5": 127.0,
    "p10": 128.0,
    "p25": 128.0,
    "p50": 128.0,
    "p75": 128.0,
    "p90": 128.0,
    "p95": 128.0,
    "p99": 128.0,
    "min": 127.0,
    "max": 129.0,
    "std": 0.25946440477211896,
    "count": 128,
    "sum": 16377.0
  },
  "inter_chunk_latency": {
    "unit": "ms",
    "avg": 121.19831531688406,
    "p1": 114.00057884837302,
    "p5": 115.31587260272109,
    "p10": 115.94953605274101,
    "p25": 117.2564147231299,
    "p50": 118.99673292599779,
    "p75": 121.79352623333332,
    "p90": 125.08555747499999,
    "p95": 130.37268083854872,
    "p99": 169.47411562183143,
    "min": 107.546644,
    "max": 373.526814,
    "std": 10.538250202002464,
    "count": 16252,
    "sum": 1969715.0205299999
  },
  "total_output_tokens": {
    "unit": "tokens",
    "avg": 16377.0
  },
  "benchmark_duration": {
    "unit": "sec",
    "avg": 64.184294111
  },
  "total_isl": {
    "unit": "tokens",
    "avg": 15360.0
  },
  "total_osl": {
    "unit": "tokens",
    "avg": 16377.0
  },
  "telemetry_data": {
    "summary": {
      "endpoints_configured": [],
      "endpoints_successful": [],
      "start_time": "2026-07-07T02:13:24.963459",
      "end_time": "2026-07-07T02:14:31.159737"
    },
    "endpoints": {},
    "error_summary": []
  },
  "input_config": {
    "models": {
      "items": [
        {
          "name": "/tmp/hf/hub/models--Qwen--Qwen3-30B-A3B-FP8/snapshots/d206ba732169f29bb77fbf80fc2c4b81d4d30782/"
        }
      ]
    },
    "endpoint": {
      "urls": [
        "http://127.0.0.1:30000"
      ],
      "type": "completions",
      "streaming": true,
      "extra": {
        "ignore_eos": true
      }
    },
    "datasets": [
      {
        "name": "main",
        "type": "synthetic",
        "entries": 128,
        "prompts": {
          "isl": {
            "mean": 120.0
          },
          "osl": {
            "mean": 128.0
          }
        }
      }
    ],
    "phases": [
      {
        "name": "profiling",
        "type": "concurrency",
        "requests": 128,
        "concurrency": 32
      }
    ],
    "artifacts": {
      "dir": "/tmp/aiperf-deepep-sglang-c32_isl120",
      "records": [
        "jsonl"
      ],
      "auto_plot": false,
      "plot_required": false
    },
    "tokenizer": {
      "name": "/tmp/hf/hub/models--Qwen--Qwen3-30B-A3B-FP8/snapshots/d206ba732169f29bb77fbf80fc2c4b81d4d30782/"
    },
    "gpu_telemetry": {
      "enabled": true
    },
    "server_metrics": {
      "enabled": true,
      "urls": [],
      "formats": [
        "json",
        "csv"
      ]
    },
    "otel": {},
    "mlflow": {},
    "runtime": {
      "ui": "none"
    }
  },
  "run_info": {
    "benchmark_id": "9a959f56189c",
    "trial": 0,
    "cli_command": "aiperf profile --model '/tmp/hf/hub/models--Qwen--Qwen3-30B-A3B-FP8/snapshots/d206ba732169f29bb77fbf80fc2c4b81d4d30782/' --tokenizer '/tmp/hf/hub/models--Qwen--Qwen3-30B-A3B-FP8/snapshots/d206ba732169f29bb77fbf80fc2c4b81d4d30782/' --url 'http://127.0.0.1:30000' --endpoint-type 'completions' --streaming --concurrency 32 --request-count 128 --synthetic-input-tokens-mean 120 --output-tokens-mean 128 --extra-inputs 'ignore_eos:true' --artifact-dir '/tmp/aiperf-deepep-sglang-c32_isl120'"
  },
  "was_cancelled": false,
  "error_summary": [],
  "start_time": "2026-07-07T02:13:24.963459",
  "end_time": "2026-07-07T02:14:29.153321",
  "http_req_chunks_sent": {
    "unit": "count",
    "avg": 1.0,
    "p1": 1.0,
    "p5": 1.0,
    "p10": 1.0,
    "p25": 1.0,
    "p50": 1.0,
    "p75": 1.0,
    "p90": 1.0,
    "p95": 1.0,
    "p99": 1.0,
    "min": 1.0,
    "max": 1.0,
    "std": 0.0,
    "count": 128,
    "sum": 128.0
  },
  "time_to_first_output_token": {
    "unit": "ms",
    "avg": 651.219381609375,
    "p1": 373.1613681,
    "p5": 419.58061419999996,
    "p10": 428.0545068,
    "p25": 458.18782925,
    "p50": 543.392268,
    "p75": 741.52863725,
    "p90": 1069.9861067,
    "p95": 1073.6047598,
    "p99": 1077.56693845,
    "min": 338.279741,
    "max": 1077.8057159999998,
    "std": 240.0027781841873,
    "count": 128,
    "sum": 83356.080846
  },
  "http_req_data_received": {
    "unit": "KB",
    "avg": 38.90202331542969,
    "p1": 38.759208984375,
    "p5": 38.80888671875,
    "p10": 38.837890625,
    "p25": 38.877197265625,
    "p50": 38.90673828125,
    "p75": 38.9384765625,
    "p90": 38.959765625,
    "p95": 38.97392578125,
    "p99": 39.008369140625,
    "min": 38.5322265625,
    "max": 39.2080078125,
    "std": 0.06425377150412515,
    "count": 128,
    "sum": 4979.458984375
  },