{
  "schema_version": "1.3",
  "aiperf_version": "0.10.0",
  "benchmark_id": "5809ef9da68c",
  "request_throughput": {
    "unit": "requests/sec",
    "avg": 0.5978740382806087
  },
  "request_latency": {
    "unit": "ms",
    "avg": 13359.733631015624,
    "p1": 13002.50365999,
    "p5": 13003.7003959,
    "p10": 13091.1020643,
    "p25": 13173.41075875,
    "p50": 13242.073128999999,
    "p75": 13665.5221745,
    "p90": 13748.324491799998,
    "p95": 13757.281452399999,
    "p99": 13775.521858129998,
    "min": 13002.064567,
    "max": 13775.890942999999,
    "std": 262.88175698991836,
    "count": 64,
    "sum": 855022.952385
  },
  "request_count": {
    "unit": "requests",
    "avg": 64.0
  },
  "time_to_first_token": {
    "unit": "ms",
    "avg": 250.68143325,
    "p1": 172.68654547999998,
    "p5": 195.7598079,
    "p10": 196.8865841,
    "p25": 202.08029374999998,
    "p50": 236.7105255,
    "p75": 290.88178074999996,
    "p90": 330.85632919999995,
    "p95": 335.16724285000004,
    "p99": 454.8134581999999,
    "min": 146.424872,
    "max": 478.158713,
    "std": 62.17539393724876,
    "count": 64,
    "sum": 16043.611728
  },
  "time_to_second_token": {
    "unit": "ms",
    "avg": 119.604969890625,
    "p1": 93.42429979,
    "p5": 100.1557912,
    "p10": 100.50442849999999,
    "p25": 106.05493899999999,
    "p50": 116.120368,
    "p75": 135.31492649999998,
    "p90": 142.6016603,
    "p95": 155.20324739999995,
    "p99": 161.91512182,
    "min": 93.132211,
    "max": 162.039727,
    "std": 17.35367572648717,
    "count": 64,
    "sum": 7654.718073
  },
  "inter_token_latency": {
    "unit": "ms",
    "avg": 103.22088344697342,
    "p1": 99.74360951858267,
    "p5": 100.09260446259843,
    "p10": 100.47250898740157,
    "p25": 101.83930848425196,
    "p50": 102.70464426771652,
    "p75": 105.1126255059055,
    "p90": 106.13604977322834,
    "p95": 106.33131143425196,
    "p99": 106.49142074125984,
    "min": 99.60229941732283,
    "max": 106.55676871653543,
    "std": 2.0371811106703457,
    "count": 64,
    "sum": 6606.136540606298
  },
  "output_token_throughput": {
    "unit": "tokens/sec",
    "avg": 76.52787689991791
  },
  "output_token_throughput_per_user": {
    "unit": "tokens/sec/user",
    "avg": 9.691722051142287,
    "p1": 9.390429896962804,
    "p5": 9.40457095359125,
    "p10": 9.421871241327791,
    "p25": 9.513802789667505,
    "p50": 9.736658061403592,
    "p75": 9.819408302017534,
    "p90": 9.952989418377115,
    "p95": 9.990748692371794,
    "p99": 10.025716778350466,
    "min": 9.38466896138922,
    "max": 10.03992885555893,
    "std": 0.190545527035878,
    "count": 64,
    "sum": 620.2702112731065
  },
  "output_sequence_length": {
    "unit": "tokens",
    "avg": 128.0,
    "p1": 128.0,
    "p5": 128.0,
    "p10": 128.0,
    "p25": 128.0,
    "p50": 128.0,
    "p75": 128.0,
    "p90": 128.0,
    "p95": 128.0,
    "p99": 128.0,
    "min": 128.0,
    "max": 128.0,
    "std": 0.0,
    "count": 64,
    "sum": 8192.0
  },
  "input_sequence_length": {
    "unit": "tokens",
    "avg": 120.0,
    "p1": 120.0,
    "p5": 120.0,
    "p10": 120.0,
    "p25": 120.0,
    "p50": 120.0,
    "p75": 120.0,
    "p90": 120.0,
    "p95": 120.0,
    "p99": 120.0,
    "min": 120.0,
    "max": 120.0,
    "std": 0.0,
    "count": 64,
    "sum": 7680.0
  },
  "output_token_count": {
    "unit": "tokens",
    "avg": 128.0,
    "p1": 128.0,
    "p5": 128.0,
    "p10": 128.0,
    "p25": 128.0,
    "p50": 128.0,
    "p75": 128.0,
    "p90": 128.0,
    "p95": 128.0,
    "p99": 128.0,
    "min": 128.0,
    "max": 128.0,
    "std": 0.0,
    "count": 64,
    "sum": 8192.0
  },
  "inter_chunk_latency": {
    "unit": "ms",
    "avg": 103.22088344697342,
    "p1": 91.2454809747619,
    "p5": 94.08781643882352,
    "p10": 94.89587516833333,
    "p25": 96.32695730402929,
    "p50": 98.39523981468254,
    "p75": 105.04697537999999,
    "p90": 120.12160490177777,
    "p95": 131.07522386849814,
    "p99": 139.66361076133333,
    "min": 84.762171,
    "max": 178.91440899999998,
    "std": 11.537651840765626,
    "count": 8128,
    "sum": 838979.340657
  },
  "total_output_tokens": {
    "unit": "tokens",
    "avg": 8192.0
  },
  "benchmark_duration": {
    "unit": "sec",
    "avg": 107.045959353
  },
  "total_isl": {
    "unit": "tokens",
    "avg": 7680.0
  },
  "total_osl": {
    "unit": "tokens",
    "avg": 8192.0
  },
  "telemetry_data": {
    "summary": {
      "endpoints_configured": [],
      "endpoints_successful": [],
      "start_time": "2026-07-07T14:18:46.931426",
      "end_time": "2026-07-07T14:20:35.992319"
    },
    "endpoints": {},
    "error_summary": []
  },
  "input_config": {
    "models": {
      "items": [
        {
          "name": "Qwen/Qwen3-30B-A3B-FP8"
        }
      ]
    },
    "endpoint": {
      "urls": [
        "http://127.0.0.1:8000"
      ],
      "type": "completions",
      "streaming": true,
      "extra": {
        "ignore_eos": true
      }
    },
    "datasets": [
      {
        "name": "main",
        "type": "synthetic",
        "entries": 64,
        "prompts": {
          "isl": {
            "mean": 120.0
          },
          "osl": {
            "mean": 128.0
          }
        }
      }
    ],
    "phases": [
      {
        "name": "profiling",
        "type": "concurrency",
        "requests": 64,
        "concurrency": 8
      }
    ],
    "artifacts": {
      "dir": "/tmp/aiperf-vllm-epnc8-c8_isl120",
      "records": [
        "jsonl"
      ],
      "auto_plot": false,
      "plot_required": false
    },
    "tokenizer": {
      "name": "/tmp/hf/hub/models--Qwen--Qwen3-30B-A3B-FP8/snapshots/d206ba732169f29bb77fbf80fc2c4b81d4d30782/"
    },
    "gpu_telemetry": {
      "enabled": true
    },
    "server_metrics": {
      "enabled": true,
      "urls": [],
      "formats": [
        "json",
        "csv"
      ]
    },
    "otel": {},
    "mlflow": {},
    "runtime": {
      "ui": "none"
    }
  },
  "run_info": {
    "benchmark_id": "5809ef9da68c",
    "trial": 0,
    "cli_command": "aiperf profile --model 'Qwen/Qwen3-30B-A3B-FP8' --tokenizer '/tmp/hf/hub/models--Qwen--Qwen3-30B-A3B-FP8/snapshots/d206ba732169f29bb77fbf80fc2c4b81d4d30782/' --url 'http://127.0.0.1:8000' --endpoint-type 'completions' --streaming --concurrency 8 --request-count 64 --synthetic-input-tokens-mean 120 --output-tokens-mean 128 --extra-inputs 'ignore_eos:true' --artifact-dir '/tmp/aiperf-vllm-epnc8-c8_isl120'"
  },
  "was_cancelled": false,
  "error_summary": [],
  "start_time": "2026-07-07T14:18:46.931426",
  "end_time": "2026-07-07T14:20:33.981212",
  "time_to_first_output_token": {
    "unit": "ms",
    "avg": 250.68143325,
    "p1": 172.68654547999998,
    "p5": 195.7598079,
    "p10": 196.8865841,
    "p25": 202.08029374999998,
    "p50": 236.7105255,
    "p75": 290.88178074999996,
    "p90": 330.85632919999995,
    "p95": 335.16724285000004,
    "p99": 454.8134581999999,
    "min": 146.424872,
    "max": 478.158713,
    "std": 62.17539393724876,
    "count": 64,
    "sum": 16043.611728
  },
  "http_req_data_sent": {
    "unit": "KB",
    "avg": 0.6031341552734375,
    "p1": 0.523408203125,
    "p5": 0.54296875,
    "p10": 0.56083984375,
    "p25": 0.585693359375,
    "p50": 0.59912109375,
    "p75": 0.62646484375,
    "p90": 0.65107421875,
    "p95": 0.65888671875,
    "p99": 0.6813476562499999,
    "min": 0.51171875,
    "max": 0.6875,
    "std": 0.035363167891620396,
    "count": 64,
    "sum": 38.6005859375
  },
  "http_req_chunks_sent": {
    "unit": "count",
    "avg": 1.0,
    "p1": 1.0,
    "p5": 1.0,
    "p10": 1.0,
    "p25": 1.0,
    "p50": 1.0,
    "p75": 1.0,
    "p90": 1.0,
    "p95": 1.0,
    "p99": 1.0,
    "min": 1.0,
    "max": 1.0,
    "std": 0.0,
    "count": 64,
    "sum": 64.0
  },
  "http_req_connecting": {
    "unit": "ms",
    "avg": 0.237510515625,
    "p1": 0.0,
    "p5": 0.0,
    "p10": 0.0,
    "p25": 0.0,
    "p50": 0.0,
    "p75": 0.0,
    "p90": 1.6783353000000003,