{
  "schema_version": "1.3",
  "aiperf_version": "0.10.0",
  "benchmark_id": "91f922fb309b",
  "request_throughput": {
    "unit": "requests/sec",
    "avg": 1.1521584543820402
  },
  "request_latency": {
    "unit": "ms",
    "avg": 6940.19470678125,
    "p1": 6724.403705,
    "p5": 6724.862250699999,
    "p10": 6725.8961846,
    "p25": 6734.133124749999,
    "p50": 6740.107868,
    "p75": 6741.4529434999995,
    "p90": 8357.4255347,
    "p95": 8373.3157657,
    "p99": 8373.872463729998,
    "min": 6724.290556999999,
    "max": 8373.888421,
    "std": 539.2951273166849,
    "count": 64,
    "sum": 444172.461234
  },
  "request_count": {
    "unit": "requests",
    "avg": 64.0
  },
  "time_to_first_token": {
    "unit": "ms",
    "avg": 368.622939265625,
    "p1": 159.93701940999998,
    "p5": 160.47454005,
    "p10": 160.6622955,
    "p25": 161.17647325,
    "p50": 163.335943,
    "p75": 165.89141924999998,
    "p90": 1780.4254469,
    "p95": 1796.9249095,
    "p99": 1816.3629818899997,
    "min": 159.843586,
    "max": 1848.975182,
    "std": 539.8975846618937,
    "count": 64,
    "sum": 23591.868113
  },
  "time_to_second_token": {
    "unit": "ms",
    "avg": 51.739033031249996,
    "p1": 51.234528149999996,
    "p5": 51.2780521,
    "p10": 51.295198899999995,
    "p25": 51.421082999999996,
    "p50": 51.7635315,
    "p75": 51.927569,
    "p90": 52.0931516,
    "p95": 52.153682749999994,
    "p99": 53.243598799999994,
    "min": 51.223940999999996,
    "max": 54.659485999999994,
    "std": 0.46855127625953225,
    "count": 64,
    "sum": 3311.2981139999997
  },
  "inter_token_latency": {
    "unit": "ms",
    "avg": 51.7446595867372,
    "p1": 51.370197148740154,
    "p5": 51.64963813307086,
    "p10": 51.663889085039365,
    "p25": 51.723082094488184,
    "p50": 51.773974062992124,
    "p75": 51.788021911417324,
    "p90": 51.80519166614173,
    "p95": 51.820293268110234,
    "p99": 51.821311855748036,
    "min": 51.367270858267716,
    "max": 51.821374181102364,
    "std": 0.09217644379222512,
    "count": 64,
    "sum": 3311.6582135511812
  },
  "output_token_throughput": {
    "unit": "tokens/sec",
    "avg": 147.47628216090115
  },
  "output_token_throughput_per_user": {
    "unit": "tokens/sec/user",
    "avg": 19.32572746970068,
    "p1": 19.297079988721457,
    "p5": 19.297459295094875,
    "p10": 19.303084657028812,
    "p25": 19.309484591118398,
    "p50": 19.314723625118347,
    "p75": 19.33372798962757,
    "p90": 19.355879275155058,
    "p95": 19.361220064401717,
    "p99": 19.466540083744903,
    "min": 19.297056780186054,
    "max": 19.467649016417365,
    "std": 0.03459884006943651,
    "count": 64,
    "sum": 1236.8465580608436
  },
  "output_sequence_length": {
    "unit": "tokens",
    "avg": 128.0,
    "p1": 128.0,
    "p5": 128.0,
    "p10": 128.0,
    "p25": 128.0,
    "p50": 128.0,
    "p75": 128.0,
    "p90": 128.0,
    "p95": 128.0,
    "p99": 128.0,
    "min": 128.0,
    "max": 128.0,
    "std": 0.0,
    "count": 64,
    "sum": 8192.0
  },
  "input_sequence_length": {
    "unit": "tokens",
    "avg": 120.0,
    "p1": 120.0,
    "p5": 120.0,
    "p10": 120.0,
    "p25": 120.0,
    "p50": 120.0,
    "p75": 120.0,
    "p90": 120.0,
    "p95": 120.0,
    "p99": 120.0,
    "min": 120.0,
    "max": 120.0,
    "std": 0.0,
    "count": 64,
    "sum": 7680.0
  },
  "output_token_count": {
    "unit": "tokens",
    "avg": 128.0,
    "p1": 128.0,
    "p5": 128.0,
    "p10": 128.0,
    "p25": 128.0,
    "p50": 128.0,
    "p75": 128.0,
    "p90": 128.0,
    "p95": 128.0,
    "p99": 128.0,
    "min": 128.0,
    "max": 128.0,
    "std": 0.0,
    "count": 64,
    "sum": 8192.0
  },
  "inter_chunk_latency": {
    "unit": "ms",
    "avg": 52.220088542463365,
    "p1": 50.962036866249996,
    "p5": 51.15835499487179,
    "p10": 51.25223491707459,
    "p25": 51.41696208839428,
    "p50": 51.63344549119999,
    "p75": 51.93900837572589,
    "p90": 52.43937980666667,
    "p95": 53.31028915076923,
    "p99": 55.01120641500001,
    "min": 50.496933999999996,
    "max": 105.59704699999999,
    "std": 4.87135968794025,
    "count": 8054,
    "sum": 420580.593121
  },
  "total_output_tokens": {
    "unit": "tokens",
    "avg": 8192.0
  },
  "benchmark_duration": {
    "unit": "sec",
    "avg": 55.547915095
  },
  "total_isl": {
    "unit": "tokens",
    "avg": 7680.0
  },
  "total_osl": {
    "unit": "tokens",
    "avg": 8192.0
  },
  "telemetry_data": {
    "summary": {
      "endpoints_configured": [],
      "endpoints_successful": [],
      "start_time": "2026-07-07T07:05:30.773767",
      "end_time": "2026-07-07T07:06:28.331817"
    },
    "endpoints": {},
    "error_summary": []
  },
  "input_config": {
    "models": {
      "items": [
        {
          "name": "d206ba732169f29bb77fbf80fc2c4b81d4d30782"
        }
      ]
    },
    "endpoint": {
      "urls": [
        "http://127.0.0.1:8000"
      ],
      "type": "completions",
      "streaming": true,
      "extra": {
        "ignore_eos": true
      }
    },
    "datasets": [
      {
        "name": "main",
        "type": "synthetic",
        "entries": 64,
        "prompts": {
          "isl": {
            "mean": 120.0
          },
          "osl": {
            "mean": 128.0
          }
        }
      }
    ],
    "phases": [
      {
        "name": "profiling",
        "type": "concurrency",
        "requests": 64,
        "concurrency": 8
      }
    ],
    "artifacts": {
      "dir": "/tmp/aiperf-deepep-trtllm-c8_isl120",
      "records": [
        "jsonl"
      ],
      "auto_plot": false,
      "plot_required": false
    },
    "tokenizer": {
      "name": "/tmp/hf/hub/models--Qwen--Qwen3-30B-A3B-FP8/snapshots/d206ba732169f29bb77fbf80fc2c4b81d4d30782/"
    },
    "gpu_telemetry": {
      "enabled": true
    },
    "server_metrics": {
      "enabled": true,
      "urls": [],
      "formats": [
        "json",
        "csv"
      ]
    },
    "otel": {},
    "mlflow": {},
    "runtime": {
      "ui": "none"
    }
  },
  "run_info": {
    "benchmark_id": "91f922fb309b",
    "trial": 0,
    "cli_command": "aiperf profile --model 'd206ba732169f29bb77fbf80fc2c4b81d4d30782' --tokenizer '/tmp/hf/hub/models--Qwen--Qwen3-30B-A3B-FP8/snapshots/d206ba732169f29bb77fbf80fc2c4b81d4d30782/' --url 'http://127.0.0.1:8000' --endpoint-type 'completions' --streaming --concurrency 8 --request-count 64 --synthetic-input-tokens-mean 120 --output-tokens-mean 128 --extra-inputs 'ignore_eos:true' --artifact-dir '/tmp/aiperf-deepep-trtllm-c8_isl120'"
  },
  "was_cancelled": false,
  "error_summary": [],
  "start_time": "2026-07-07T07:05:30.773767",
  "end_time": "2026-07-07T07:06:26.324924",
  "http_req_sending": {
    "unit": "ms",
    "avg": 0.4467690625,
    "p1": 0.18085885999999998,
    "p5": 0.18202129999999997,
    "p10": 0.1853341,
    "p25": 0.1962855,
    "p50": 0.2235535,
    "p75": 0.23384349999999998,
    "p90": 1.8406029,
    "p95": 2.1297983499999993,
    "p99": 2.3019372099999997,
    "min": 0.17971099999999998,
    "max": 2.335537,
    "std": 0.6181499685534417,
    "count": 64,
    "sum": 28.59322
  },
  "http_req_waiting": {
    "unit": "ms",
    "avg": 365.64426728125,
    "p1": 159.60364833,
    "p5": 160.165805,
    "p10": 160.38436380000002,
    "p25": 160.81545925,
    "p50": 162.8875075,
    "p75": 165.3185795,
    "p90": 1778.0716363000001,
    "p95": 1794.5024399000001,
    "p99": 1794.93739067,
    "min": 159.497121,
    "max": 1795.152341,
    "std": 537.5709179383316,
    "count": 64,
    "sum": 23401.233106
  },
  "http_req_dns_lookup": {
    "unit": "ms",
    "avg": 0.0,
    "p1": 0.0,
    "p5": 0.0,
    "p10": 0.0,
    "p25": 0.0,
    "p50": 0.0,
    "p75": 0.0,
    "p90": 0.0,
    "p95": 0.0,
    "p99": 0.0,
    "min": 0.0,
    "max": 0.0,
    "std": 0.0,
    "count": 64,
    "sum": 0.0
  },
  "http_req_blocked": {
    "unit": "ms",
    "avg": 0.0,
    "p1": 0.0,
    "p5": 0.0,
    "p10": 0.0,
    "p25": 0.0,
    "p50": 0.0,
    "p75": 0.0,
    "p90": 0.0,