{
  "schema_version": "1.3",
  "aiperf_version": "0.10.0",
  "benchmark_id": "b094b3cbf4c1",
  "request_throughput": {
    "unit": "requests/sec",
    "avg": 0.5192348902840115
  },
  "request_latency": {
    "unit": "ms",
    "avg": 7699.8626163,
    "p1": 6707.01252718,
    "p5": 6707.6480928,
    "p10": 6709.4501286,
    "p25": 6718.35043825,
    "p50": 6741.147935999999,
    "p75": 6751.2744125,
    "p90": 7719.280730600013,
    "p95": 16409.44216015,
    "p99": 16409.72333752,
    "min": 6706.980522999999,
    "max": 16409.901307,
    "std": 2898.9845179905988,
    "count": 40,
    "sum": 307994.504652
  },
  "request_count": {
    "unit": "requests",
    "avg": 40.0
  },
  "time_to_first_token": {
    "unit": "ms",
    "avg": 1122.7011653,
    "p1": 157.93871503999998,
    "p5": 157.96341675,
    "p10": 158.3521266,
    "p25": 158.89802575,
    "p50": 159.70838949999998,
    "p75": 160.26972125,
    "p90": 1120.9977270000136,
    "p95": 9804.7472984,
    "p99": 9805.00710768,
    "min": 157.938389,
    "max": 9805.121802,
    "std": 2889.6608164648023,
    "count": 40,
    "sum": 44908.046612
  },
  "time_to_second_token": {
    "unit": "ms",
    "avg": 51.89030245,
    "p1": 51.131944999999995,
    "p5": 51.21019,
    "p10": 51.274765099999996,
    "p25": 51.379420499999995,
    "p50": 51.655805,
    "p75": 52.410095999999996,
    "p90": 52.72235979999999,
    "p95": 53.30559725,
    "p99": 53.38074854,
    "min": 51.108388999999995,
    "max": 53.383835,
    "std": 0.6578984685484511,
    "count": 40,
    "sum": 2075.612098
  },
  "inter_token_latency": {
    "unit": "ms",
    "avg": 51.78867284251968,
    "p1": 51.56738657141732,
    "p5": 51.56837541259842,
    "p10": 51.58176843149606,
    "p25": 51.646078836614166,
    "p50": 51.823790736220474,
    "p75": 51.89887136220472,
    "p90": 51.96677789133859,
    "p95": 52.005557392125986,
    "p99": 52.011359694015745,
    "min": 51.5670538031496,
    "max": 52.01469825984252,
    "std": 0.14612145881530622,
    "count": 40,
    "sum": 2071.546913700787
  },
  "output_token_throughput": {
    "unit": "tokens/sec",
    "avg": 66.46206595635347
  },
  "output_token_throughput_per_user": {
    "unit": "tokens/sec/user",
    "avg": 19.30939546249516,
    "p1": 19.226569201954206,
    "p5": 19.228714201954954,
    "p10": 19.243064514198128,
    "p25": 19.268241751087448,
    "p50": 19.296156971348715,
    "p75": 19.362554195920055,
    "p90": 19.38669489077899,
    "p95": 19.3917297569168,
    "p99": 19.39210160825584,
    "min": 19.22533501981383,
    "max": 19.392226746506935,
    "std": 0.054505443914693696,
    "count": 40,
    "sum": 772.3758184998063
  },
  "output_sequence_length": {
    "unit": "tokens",
    "avg": 128.0,
    "p1": 128.0,
    "p5": 128.0,
    "p10": 128.0,
    "p25": 128.0,
    "p50": 128.0,
    "p75": 128.0,
    "p90": 128.0,
    "p95": 128.0,
    "p99": 128.0,
    "min": 128.0,
    "max": 128.0,
    "std": 0.0,
    "count": 40,
    "sum": 5120.0
  },
  "input_sequence_length": {
    "unit": "tokens",
    "avg": 120.0,
    "p1": 120.0,
    "p5": 120.0,
    "p10": 120.0,
    "p25": 120.0,
    "p50": 120.0,
    "p75": 120.0,
    "p90": 120.0,
    "p95": 120.0,
    "p99": 120.0,
    "min": 120.0,
    "max": 120.0,
    "std": 0.0,
    "count": 40,
    "sum": 4800.0
  },
  "output_token_count": {
    "unit": "tokens",
    "avg": 128.0,
    "p1": 128.0,
    "p5": 128.0,
    "p10": 128.0,
    "p25": 128.0,
    "p50": 128.0,
    "p75": 128.0,
    "p90": 128.0,
    "p95": 128.0,
    "p99": 128.0,
    "min": 128.0,
    "max": 128.0,
    "std": 0.0,
    "count": 40,
    "sum": 5120.0
  },
  "inter_chunk_latency": {
    "unit": "ms",
    "avg": 52.596253106757295,
    "p1": 50.98955762399999,
    "p5": 51.17973517333333,
    "p10": 51.28989757440476,
    "p25": 51.46504319444445,
    "p50": 51.67171969230768,
    "p75": 51.976389383838374,
    "p90": 52.52409558666666,
    "p95": 53.36698379777778,
    "p99": 103.03407516799997,
    "min": 50.356699,
    "max": 105.717815,
    "std": 6.421192212715295,
    "count": 5002,
    "sum": 263086.45804
  },
  "total_output_tokens": {
    "unit": "tokens",
    "avg": 5120.0
  },
  "benchmark_duration": {
    "unit": "sec",
    "avg": 77.036425611
  },
  "total_isl": {
    "unit": "tokens",
    "avg": 4800.0
  },
  "total_osl": {
    "unit": "tokens",
    "avg": 5120.0
  },
  "telemetry_data": {
    "summary": {
      "endpoints_configured": [],
      "endpoints_successful": [],
      "start_time": "2026-07-07T07:04:03.809112",
      "end_time": "2026-07-07T07:05:22.855306"
    },
    "endpoints": {},
    "error_summary": []
  },
  "input_config": {
    "models": {
      "items": [
        {
          "name": "d206ba732169f29bb77fbf80fc2c4b81d4d30782"
        }
      ]
    },
    "endpoint": {
      "urls": [
        "http://127.0.0.1:8000"
      ],
      "type": "completions",
      "streaming": true,
      "extra": {
        "ignore_eos": true
      }
    },
    "datasets": [
      {
        "name": "main",
        "type": "synthetic",
        "entries": 40,
        "prompts": {
          "isl": {
            "mean": 120.0
          },
          "osl": {
            "mean": 128.0
          }
        }
      }
    ],
    "phases": [
      {
        "name": "profiling",
        "type": "concurrency",
        "requests": 40,
        "concurrency": 4
      }
    ],
    "artifacts": {
      "dir": "/tmp/aiperf-deepep-trtllm-c4_isl120",
      "records": [
        "jsonl"
      ],
      "auto_plot": false,
      "plot_required": false
    },
    "tokenizer": {
      "name": "/tmp/hf/hub/models--Qwen--Qwen3-30B-A3B-FP8/snapshots/d206ba732169f29bb77fbf80fc2c4b81d4d30782/"
    },
    "gpu_telemetry": {
      "enabled": true
    },
    "server_metrics": {
      "enabled": true,
      "urls": [],
      "formats": [
        "json",
        "csv"
      ]
    },
    "otel": {},
    "mlflow": {},
    "runtime": {
      "ui": "none"
    }
  },
  "run_info": {
    "benchmark_id": "b094b3cbf4c1",
    "trial": 0,
    "cli_command": "aiperf profile --model 'd206ba732169f29bb77fbf80fc2c4b81d4d30782' --tokenizer '/tmp/hf/hub/models--Qwen--Qwen3-30B-A3B-FP8/snapshots/d206ba732169f29bb77fbf80fc2c4b81d4d30782/' --url 'http://127.0.0.1:8000' --endpoint-type 'completions' --streaming --concurrency 4 --request-count 40 --synthetic-input-tokens-mean 120 --output-tokens-mean 128 --extra-inputs 'ignore_eos:true' --artifact-dir '/tmp/aiperf-deepep-trtllm-c4_isl120'"
  },
  "was_cancelled": false,
  "error_summary": [],
  "start_time": "2026-07-07T07:04:03.809112",
  "end_time": "2026-07-07T07:05:20.849120",
  "http_req_blocked": {
    "unit": "ms",
    "avg": 0.0,
    "p1": 0.0,
    "p5": 0.0,
    "p10": 0.0,
    "p25": 0.0,
    "p50": 0.0,
    "p75": 0.0,
    "p90": 0.0,
    "p95": 0.0,
    "p99": 0.0,
    "min": 0.0,
    "max": 0.0,
    "std": 0.0,
    "count": 40,
    "sum": 0.0
  },
  "http_req_connecting": {
    "unit": "ms",
    "avg": 0.1841897,
    "p1": 0.0,
    "p5": 0.0,
    "p10": 0.0,
    "p25": 0.0,
    "p50": 0.0,
    "p75": 0.0,
    "p90": 0.17929710000000254,
    "p95": 1.8015058,
    "p99": 1.9044425999999999,
    "min": 0.0,
    "max": 1.9674509999999998,
    "std": 0.5530463034481018,
    "count": 40,
    "sum": 7.367588
  },
  "http_req_data_sent": {
    "unit": "KB",
    "avg": 0.6194091796875,
    "p1": 0.562353515625,
    "p5": 0.57685546875,
    "p10": 0.58564453125,
    "p25": 0.602294921875,
    "p50": 0.61572265625,
    "p75": 0.63623046875,
    "p90": 0.65712890625,
    "p95": 0.667236328125,
    "p99": 0.677236328125,
    "min": 0.556640625,
    "max": 0.6806640625,
    "std": 0.02762393723251653,
    "count": 40,
    "sum": 24.7763671875
  },
  "time_to_first_output_token": {
    "unit": "ms",
    "avg": 1122.7011653,
    "p1": 157.93871503999998,
    "p5": 157.96341675,
    "p10": 158.3521266,
    "p25": 158.89802575,
    "p50": 159.70838949999998,
    "p75": 160.26972125,
    "p90": 1120.9977270000136,
    "p95": 9804.7472984,