{
  "schema_version": "1.3",
  "aiperf_version": "0.10.0",
  "benchmark_id": "714ea8338d1c",
  "request_throughput": {
    "unit": "requests/sec",
    "avg": 4.583796970714167
  },
  "request_latency": {
    "unit": "ms",
    "avg": 6966.18031225,
    "p1": 6817.77135967,
    "p5": 6819.1386741,
    "p10": 6820.4724031999995,
    "p25": 6825.17458575,
    "p50": 6832.8404715,
    "p75": 6962.082581,
    "p90": 7377.1888041,
    "p95": 7378.0447943,
    "p99": 7379.1394305799995,
    "min": 6817.525653,
    "max": 7445.610924,
    "std": 237.43320447432316,
    "count": 128,
    "sum": 891671.079968
  },
  "request_count": {
    "unit": "requests",
    "avg": 128.0
  },
  "time_to_first_token": {
    "unit": "ms",
    "avg": 337.021482734375,
    "p1": 189.32683749,
    "p5": 196.06084099999998,
    "p10": 196.7248282,
    "p25": 198.29777299999998,
    "p50": 202.729435,
    "p75": 365.07908125,
    "p90": 740.988663,
    "p95": 741.54743775,
    "p99": 793.51246571,
    "min": 187.574453,
    "max": 793.6877129999999,
    "std": 235.04895906421052,
    "count": 128,
    "sum": 43138.74979
  },
  "time_to_second_token": {
    "unit": "ms",
    "avg": 54.052581476562494,
    "p1": 51.9452491,
    "p5": 52.23016139999999,
    "p10": 52.6335466,
    "p25": 52.764050749999996,
    "p50": 52.865733999999996,
    "p75": 54.142754749999995,
    "p90": 54.2902894,
    "p95": 54.44899475,
    "p99": 92.92029285000017,
    "min": 51.876708,
    "max": 105.211316,
    "std": 6.503410780577898,
    "count": 128,
    "sum": 6918.730428999999
  },
  "inter_token_latency": {
    "unit": "ms",
    "avg": 52.20146542017713,
    "p1": 51.7410618246229,
    "p5": 52.13668390984252,
    "p10": 52.14158196692914,
    "p25": 52.15235172244094,
    "p50": 52.20191092913386,
    "p75": 52.26276425984251,
    "p90": 52.28027727480315,
    "p95": 52.2846302511811,
    "p99": 52.29647907976378,
    "min": 51.72245531496063,
    "max": 53.215385688,
    "std": 0.1352558854037,
    "count": 128,
    "sum": 6681.787573782673
  },
  "output_token_throughput": {
    "unit": "tokens/sec",
    "avg": 586.6902013375798
  },
  "output_token_throughput_per_user": {
    "unit": "tokens/sec/user",
    "avg": 19.156678281332255,
    "p1": 19.12174644040093,
    "p5": 19.126079600124413,
    "p10": 19.127672082190458,
    "p25": 19.134081679122133,
    "p50": 19.156389498548165,
    "p75": 19.174590732909188,
    "p90": 19.178551211722585,
    "p95": 19.180352968540443,
    "p99": 19.3270097038201,
    "min": 18.791557875065795,
    "max": 19.333962278290212,
    "std": 0.049383358374559365,
    "count": 128,
    "sum": 2452.054820010529
  },
  "output_sequence_length": {
    "unit": "tokens",
    "avg": 127.9921875,
    "p1": 128.0,
    "p5": 128.0,
    "p10": 128.0,
    "p25": 128.0,
    "p50": 128.0,
    "p75": 128.0,
    "p90": 128.0,
    "p95": 128.0,
    "p99": 128.0,
    "min": 126.0,
    "max": 129.0,
    "std": 0.19748788530882092,
    "count": 128,
    "sum": 16383.0
  },
  "input_sequence_length": {
    "unit": "tokens",
    "avg": 120.0,
    "p1": 120.0,
    "p5": 120.0,
    "p10": 120.0,
    "p25": 120.0,
    "p50": 120.0,
    "p75": 120.0,
    "p90": 120.0,
    "p95": 120.0,
    "p99": 120.0,
    "min": 120.0,
    "max": 120.0,
    "std": 0.0,
    "count": 128,
    "sum": 15360.0
  },
  "output_token_count": {
    "unit": "tokens",
    "avg": 127.9921875,
    "p1": 128.0,
    "p5": 128.0,
    "p10": 128.0,
    "p25": 128.0,
    "p50": 128.0,
    "p75": 128.0,
    "p90": 128.0,
    "p95": 128.0,
    "p99": 128.0,
    "min": 126.0,
    "max": 129.0,
    "std": 0.19748788530882092,
    "count": 128,
    "sum": 16383.0
  },
  "inter_chunk_latency": {
    "unit": "ms",
    "avg": 53.15286458143322,
    "p1": 51.498368430000006,
    "p5": 51.66789874336384,
    "p10": 51.76440235502134,
    "p25": 51.92359528787879,
    "p50": 52.08862724239077,
    "p75": 52.3225272748811,
    "p90": 52.87753550191799,
    "p95": 53.725548184731174,
    "p99": 104.0955341463158,
    "min": 50.227326,
    "max": 106.909148,
    "std": 6.962420055848366,
    "count": 15964,
    "sum": 848532.3301779999
  },
  "total_output_tokens": {
    "unit": "tokens",
    "avg": 16383.0
  },
  "benchmark_duration": {
    "unit": "sec",
    "avg": 27.924447967000003
  },
  "total_isl": {
    "unit": "tokens",
    "avg": 15360.0
  },
  "total_osl": {
    "unit": "tokens",
    "avg": 16383.0
  },
  "telemetry_data": {
    "summary": {
      "endpoints_configured": [],
      "endpoints_successful": [],
      "start_time": "2026-07-07T07:06:36.680154",
      "end_time": "2026-07-07T07:07:06.615826"
    },
    "endpoints": {},
    "error_summary": []
  },
  "input_config": {
    "models": {
      "items": [
        {
          "name": "d206ba732169f29bb77fbf80fc2c4b81d4d30782"
        }
      ]
    },
    "endpoint": {
      "urls": [
        "http://127.0.0.1:8000"
      ],
      "type": "completions",
      "streaming": true,
      "extra": {
        "ignore_eos": true
      }
    },
    "datasets": [
      {
        "name": "main",
        "type": "synthetic",
        "entries": 128,
        "prompts": {
          "isl": {
            "mean": 120.0
          },
          "osl": {
            "mean": 128.0
          }
        }
      }
    ],
    "phases": [
      {
        "name": "profiling",
        "type": "concurrency",
        "requests": 128,
        "concurrency": 32
      }
    ],
    "artifacts": {
      "dir": "/tmp/aiperf-deepep-trtllm-c32_isl120",
      "records": [
        "jsonl"
      ],
      "auto_plot": false,
      "plot_required": false
    },
    "tokenizer": {
      "name": "/tmp/hf/hub/models--Qwen--Qwen3-30B-A3B-FP8/snapshots/d206ba732169f29bb77fbf80fc2c4b81d4d30782/"
    },
    "gpu_telemetry": {
      "enabled": true
    },
    "server_metrics": {
      "enabled": true,
      "urls": [],
      "formats": [
        "json",
        "csv"
      ]
    },
    "otel": {},
    "mlflow": {},
    "runtime": {
      "ui": "none"
    }
  },
  "run_info": {
    "benchmark_id": "714ea8338d1c",
    "trial": 0,
    "cli_command": "aiperf profile --model 'd206ba732169f29bb77fbf80fc2c4b81d4d30782' --tokenizer '/tmp/hf/hub/models--Qwen--Qwen3-30B-A3B-FP8/snapshots/d206ba732169f29bb77fbf80fc2c4b81d4d30782/' --url 'http://127.0.0.1:8000' --endpoint-type 'completions' --streaming --concurrency 32 --request-count 128 --synthetic-input-tokens-mean 120 --output-tokens-mean 128 --extra-inputs 'ignore_eos:true' --artifact-dir '/tmp/aiperf-deepep-trtllm-c32_isl120'"
  },
  "was_cancelled": false,
  "error_summary": [],
  "start_time": "2026-07-07T07:06:36.680154",
  "end_time": "2026-07-07T07:07:04.608355",
  "http_req_connecting": {
    "unit": "ms",
    "avg": 0.96792925,
    "p1": 0.0,
    "p5": 0.0,
    "p10": 0.0,
    "p25": 0.0,
    "p50": 0.0,
    "p75": 0.323556,
    "p90": 1.7362665999999998,
    "p95": 1.9209721999999994,
    "p99": 2.13197714,
    "min": 0.0,
    "max": 70.609387,
    "std": 6.224164728256281,
    "count": 128,
    "sum": 123.894944
  },
  "http_req_sending": {
    "unit": "ms",
    "avg": 1.2334266328124999,
    "p1": 0.18089496,
    "p5": 0.18461014999999997,
    "p10": 0.19084299999999998,
    "p25": 0.2081315,
    "p50": 0.246908,
    "p75": 0.639624,
    "p90": 2.1031085,
    "p95": 2.28904155,
    "p99": 2.5936138700000004,
    "min": 0.16852699999999998,
    "max": 70.951628,
    "std": 6.238558692392891,
    "count": 128,
    "sum": 157.87860899999998
  },
  "http_req_data_sent": {
    "unit": "KB",
    "avg": 0.620513916015625,
    "p1": 0.54357421875,
    "p5": 0.5716796875,
    "p10": 0.578125,
    "p25": 0.60205078125,
    "p50": 0.619140625,
    "p75": 0.64013671875,
    "p90": 0.65947265625,
    "p95": 0.6757324218749999,
    "p99": 0.69080078125,
    "min": 0.5361328125,
    "max": 0.69921875,
    "std": 0.030918614350046978,
    "count": 128,
    "sum": 79.42578125
  },
  "http_req_dns_lookup": {
    "unit": "ms",
    "avg": 0.0,
    "p1": 0.0,
    "p5": 0.0,