{
  "schema_version": "1.3",
  "aiperf_version": "0.10.0",
  "benchmark_id": "c1544057cd95",
  "request_throughput": {
    "unit": "requests/sec",
    "avg": 0.30781267547836705
  },
  "request_latency": {
    "unit": "ms",
    "avg": 12986.822187075,
    "p1": 12717.244676,
    "p5": 12717.4968897,
    "p10": 12754.2086516,
    "p25": 12872.068121999999,
    "p50": 12937.8592085,
    "p75": 13055.015772249999,
    "p90": 13318.1550242,
    "p95": 13391.875429549998,
    "p99": 13408.924978719999,
    "min": 12717.241322,
    "max": 13409.000113,
    "std": 201.35299122952236,
    "count": 40,
    "sum": 519472.887483
  },
  "request_count": {
    "unit": "requests",
    "avg": 40.0
  },
  "time_to_first_token": {
    "unit": "ms",
    "avg": 216.20443774999998,
    "p1": 187.14665546999998,
    "p5": 188.6265269,
    "p10": 189.4062109,
    "p25": 192.37934725,
    "p50": 195.765888,
    "p75": 227.49102249999999,
    "p90": 253.00514410000005,
    "p95": 293.56231699999967,
    "p99": 384.90659867,
    "min": 186.89718299999998,
    "max": 385.14397099999996,
    "std": 46.0341862292976,
    "count": 40,
    "sum": 8648.17751
  },
  "time_to_second_token": {
    "unit": "ms",
    "avg": 109.6517035,
    "p1": 94.56193784999999,
    "p5": 94.98222704999999,
    "p10": 96.13691299999999,
    "p25": 97.74598025,
    "p50": 102.573082,
    "p75": 122.28102249999999,
    "p90": 133.507915,
    "p95": 135.09941215,
    "p99": 137.00201016999998,
    "min": 94.34832899999999,
    "max": 137.221657,
    "std": 14.89160422125331,
    "count": 40,
    "sum": 4386.068139999999
  },
  "inter_token_latency": {
    "unit": "ms",
    "avg": 100.55604527027559,
    "p1": 98.52742638496063,
    "p5": 98.56035622401573,
    "p10": 98.87426309133859,
    "p25": 99.82856099803149,
    "p50": 100.3718017519685,
    "p75": 100.91700623425197,
    "p90": 102.44379902362205,
    "p95": 103.77813727677164,
    "p99": 103.9525877503937,
    "min": 98.52665052755906,
    "max": 103.95337490551181,
    "std": 1.4459684660931285,
    "count": 40,
    "sum": 4022.241810811024
  },
  "output_token_throughput": {
    "unit": "tokens/sec",
    "avg": 39.40002246123098
  },
  "output_token_throughput_per_user": {
    "unit": "tokens/sec/user",
    "avg": 9.946734664129812,
    "p1": 9.61977014454743,
    "p5": 9.635942334684762,
    "p10": 9.761628213976518,
    "p25": 9.909141638024847,
    "p50": 9.962976645298928,
    "p75": 10.017173642408816,
    "p90": 10.113866519074616,
    "p95": 10.146067280630765,
    "p99": 10.149458245157495,
    "min": 9.61969730091926,
    "max": 10.149538167039266,
    "std": 0.14131375665549725,
    "count": 40,
    "sum": 397.8693865651925
  },
  "output_sequence_length": {
    "unit": "tokens",
    "avg": 128.0,
    "p1": 128.0,
    "p5": 128.0,
    "p10": 128.0,
    "p25": 128.0,
    "p50": 128.0,
    "p75": 128.0,
    "p90": 128.0,
    "p95": 128.0,
    "p99": 128.0,
    "min": 128.0,
    "max": 128.0,
    "std": 0.0,
    "count": 40,
    "sum": 5120.0
  },
  "input_sequence_length": {
    "unit": "tokens",
    "avg": 120.0,
    "p1": 120.0,
    "p5": 120.0,
    "p10": 120.0,
    "p25": 120.0,
    "p50": 120.0,
    "p75": 120.0,
    "p90": 120.0,
    "p95": 120.0,
    "p99": 120.0,
    "min": 120.0,
    "max": 120.0,
    "std": 0.0,
    "count": 40,
    "sum": 4800.0
  },
  "output_token_count": {
    "unit": "tokens",
    "avg": 128.0,
    "p1": 128.0,
    "p5": 128.0,
    "p10": 128.0,
    "p25": 128.0,
    "p50": 128.0,
    "p75": 128.0,
    "p90": 128.0,
    "p95": 128.0,
    "p99": 128.0,
    "min": 128.0,
    "max": 128.0,
    "std": 0.0,
    "count": 40,
    "sum": 5120.0
  },
  "inter_chunk_latency": {
    "unit": "ms",
    "avg": 100.55604527027559,
    "p1": 91.49129028888888,
    "p5": 92.67466321245419,
    "p10": 93.36969484693877,
    "p25": 94.64736107352942,
    "p50": 96.64955390303658,
    "p75": 99.74667455555556,
    "p90": 115.2187605952381,
    "p95": 130.18546636507935,
    "p99": 137.56240101333333,
    "min": 89.596837,
    "max": 147.257338,
    "std": 10.725149131100538,
    "count": 5080,
    "sum": 510824.709973
  },
  "total_output_tokens": {
    "unit": "tokens",
    "avg": 5120.0
  },
  "benchmark_duration": {
    "unit": "sec",
    "avg": 129.949164497
  },
  "total_isl": {
    "unit": "tokens",
    "avg": 4800.0
  },
  "total_osl": {
    "unit": "tokens",
    "avg": 5120.0
  },
  "telemetry_data": {
    "summary": {
      "endpoints_configured": [],
      "endpoints_successful": [],
      "start_time": "2026-07-07T14:16:26.148124",
      "end_time": "2026-07-07T14:18:38.107452"
    },
    "endpoints": {},
    "error_summary": []
  },
  "input_config": {
    "models": {
      "items": [
        {
          "name": "Qwen/Qwen3-30B-A3B-FP8"
        }
      ]
    },
    "endpoint": {
      "urls": [
        "http://127.0.0.1:8000"
      ],
      "type": "completions",
      "streaming": true,
      "extra": {
        "ignore_eos": true
      }
    },
    "datasets": [
      {
        "name": "main",
        "type": "synthetic",
        "entries": 40,
        "prompts": {
          "isl": {
            "mean": 120.0
          },
          "osl": {
            "mean": 128.0
          }
        }
      }
    ],
    "phases": [
      {
        "name": "profiling",
        "type": "concurrency",
        "requests": 40,
        "concurrency": 4
      }
    ],
    "artifacts": {
      "dir": "/tmp/aiperf-vllm-epnc8-c4_isl120",
      "records": [
        "jsonl"
      ],
      "auto_plot": false,
      "plot_required": false
    },
    "tokenizer": {
      "name": "/tmp/hf/hub/models--Qwen--Qwen3-30B-A3B-FP8/snapshots/d206ba732169f29bb77fbf80fc2c4b81d4d30782/"
    },
    "gpu_telemetry": {
      "enabled": true
    },
    "server_metrics": {
      "enabled": true,
      "urls": [],
      "formats": [
        "json",
        "csv"
      ]
    },
    "otel": {},
    "mlflow": {},
    "runtime": {
      "ui": "none"
    }
  },
  "run_info": {
    "benchmark_id": "c1544057cd95",
    "trial": 0,
    "cli_command": "aiperf profile --model 'Qwen/Qwen3-30B-A3B-FP8' --tokenizer '/tmp/hf/hub/models--Qwen--Qwen3-30B-A3B-FP8/snapshots/d206ba732169f29bb77fbf80fc2c4b81d4d30782/' --url 'http://127.0.0.1:8000' --endpoint-type 'completions' --streaming --concurrency 4 --request-count 40 --synthetic-input-tokens-mean 120 --output-tokens-mean 128 --extra-inputs 'ignore_eos:true' --artifact-dir '/tmp/aiperf-vllm-epnc8-c4_isl120'"
  },
  "was_cancelled": false,
  "error_summary": [],
  "start_time": "2026-07-07T14:16:26.148124",
  "end_time": "2026-07-07T14:18:36.101086",
  "http_req_chunks_received": {
    "unit": "count",
    "avg": 128.0,
    "p1": 128.0,
    "p5": 128.0,
    "p10": 128.0,
    "p25": 128.0,
    "p50": 128.0,
    "p75": 128.0,
    "p90": 128.0,
    "p95": 128.0,
    "p99": 128.0,
    "min": 128.0,
    "max": 128.0,
    "std": 0.0,
    "count": 40,
    "sum": 5120.0
  },
  "http_req_connection_reused": {
    "unit": "ratio",
    "avg": 0.9,
    "p1": 0.0,
    "p5": 0.0,
    "p10": 0.9000000000000004,
    "p25": 1.0,
    "p50": 1.0,
    "p75": 1.0,
    "p90": 1.0,
    "p95": 1.0,
    "p99": 1.0,
    "min": 0.0,
    "max": 1.0,
    "std": 0.3,
    "count": 40,
    "sum": 36.0
  },
  "http_req_dns_lookup": {
    "unit": "ms",
    "avg": 0.0,
    "p1": 0.0,
    "p5": 0.0,
    "p10": 0.0,
    "p25": 0.0,
    "p50": 0.0,
    "p75": 0.0,
    "p90": 0.0,
    "p95": 0.0,
    "p99": 0.0,
    "min": 0.0,
    "max": 0.0,
    "std": 0.0,
    "count": 40,
    "sum": 0.0
  },
  "http_req_receiving": {
    "unit": "ms",
    "avg": 12770.62836055,
    "p1": 12512.98846412,
    "p5": 12517.17099545,
    "p10": 12557.0567292,
    "p25": 12678.23106325,
    "p50": 12747.222853,
    "p75": 12816.467784999999,
    "p90": 13010.395694899998,
    "p95": 13179.8258392,
    "p99": 13201.98487761,
    "min": 12512.88983,
    "max": 13202.084718,
    "std": 183.64151772227655,
    "count": 40,
    "sum": 510825.134422
  },