{
  "schema_version": "1.3",
  "aiperf_version": "0.10.0",
  "benchmark_id": "ee70ca557fa7",
  "request_throughput": {
    "unit": "requests/sec",
    "avg": 2.1333695585173356
  },
  "request_latency": {
    "unit": "ms",
    "avg": 14926.086706921875,
    "p1": 13431.4931905,
    "p5": 13554.267904,
    "p10": 13554.9939401,
    "p25": 13683.253892749999,
    "p50": 13741.414255,
    "p75": 15024.8626145,
    "p90": 18675.276189,
    "p95": 18702.25377575,
    "p99": 18703.33662757,
    "min": 13430.597828,
    "max": 18703.625309,
    "std": 2143.075856672754,
    "count": 128,
    "sum": 1910539.098486
  },
  "request_count": {
    "unit": "requests",
    "avg": 128.0
  },
  "time_to_first_token": {
    "unit": "ms",
    "avg": 475.6276064296875,
    "p1": 137.99229931,
    "p5": 204.16291059999998,
    "p10": 206.7401543,
    "p25": 227.348277,
    "p50": 279.752734,
    "p75": 386.11691275,
    "p90": 414.28238289999996,
    "p95": 416.4421389,
    "p99": 5193.40178719,
    "min": 137.076273,
    "max": 5197.243574,
    "std": 954.3321749581542,
    "count": 128,
    "sum": 60880.333623
  },
  "time_to_second_token": {
    "unit": "ms",
    "avg": 451.78169887499996,
    "p1": 97.50342261,
    "p5": 98.08740590000001,
    "p10": 98.416457,
    "p25": 99.330102,
    "p50": 101.4847585,
    "p75": 135.24553525,
    "p90": 143.40308430000002,
    "p95": 4948.62202485,
    "p99": 4949.73452429,
    "min": 94.31771599999999,
    "max": 4949.967643999999,
    "std": 1236.9025195585875,
    "count": 128,
    "sum": 57828.057455999995
  },
  "inter_token_latency": {
    "unit": "ms",
    "avg": 113.7963256308873,
    "p1": 104.48236392275591,
    "p5": 104.49705281181103,
    "p10": 104.51572422992126,
    "p25": 105.25333059448819,
    "p50": 106.20353099212598,
    "p75": 106.5319985413386,
    "p90": 144.48287121102362,
    "p95": 144.48669605669292,
    "p99": 144.48937678047244,
    "min": 104.47919214173228,
    "max": 144.52001897637797,
    "std": 15.838047963540442,
    "count": 128,
    "sum": 14565.929680753574
  },
  "output_token_throughput": {
    "unit": "tokens/sec",
    "avg": 273.0379695908671
  },
  "output_token_throughput_per_user": {
    "unit": "tokens/sec/user",
    "avg": 8.93231128879287,
    "p1": 6.920924031262619,
    "p5": 6.921052437987979,
    "p10": 6.921235656653687,
    "p25": 9.386851027989762,
    "p50": 9.415904886725052,
    "p75": 9.500981797728166,
    "p90": 9.567938292408634,
    "p95": 9.56964788089227,
    "p99": 9.57099325252907,
    "min": 6.919456605963022,
    "max": 9.57128380781735,
    "std": 1.039681520254502,
    "count": 128,
    "sum": 1143.3358449654875
  },
  "output_sequence_length": {
    "unit": "tokens",
    "avg": 127.984375,
    "p1": 128.0,
    "p5": 128.0,
    "p10": 128.0,
    "p25": 128.0,
    "p50": 128.0,
    "p75": 128.0,
    "p90": 128.0,
    "p95": 128.0,
    "p99": 128.0,
    "min": 126.0,
    "max": 128.0,
    "std": 0.17608480733726006,
    "count": 128,
    "sum": 16382.0
  },
  "input_sequence_length": {
    "unit": "tokens",
    "avg": 120.0,
    "p1": 120.0,
    "p5": 120.0,
    "p10": 120.0,
    "p25": 120.0,
    "p50": 120.0,
    "p75": 120.0,
    "p90": 120.0,
    "p95": 120.0,
    "p99": 120.0,
    "min": 120.0,
    "max": 120.0,
    "std": 0.0,
    "count": 128,
    "sum": 15360.0
  },
  "output_token_count": {
    "unit": "tokens",
    "avg": 127.984375,
    "p1": 128.0,
    "p5": 128.0,
    "p10": 128.0,
    "p25": 128.0,
    "p50": 128.0,
    "p75": 128.0,
    "p90": 128.0,
    "p95": 128.0,
    "p99": 128.0,
    "min": 126.0,
    "max": 128.0,
    "std": 0.17608480733726006,
    "count": 128,
    "sum": 16382.0
  },
  "inter_chunk_latency": {
    "unit": "ms",
    "avg": 113.78314252356053,
    "p1": 94.29057234444443,
    "p5": 95.49983216249998,
    "p10": 96.23091327292849,
    "p25": 97.764894471396,
    "p50": 99.9832714274076,
    "p75": 110.7550327308199,
    "p90": 124.78067587384614,
    "p95": 137.59544297788617,
    "p99": 141.57249622609524,
    "min": 84.83812999999999,
    "max": 4957.006343,
    "std": 197.69216940117175,
    "count": 16256,
    "sum": 1849658.764863
  },
  "total_output_tokens": {
    "unit": "tokens",
    "avg": 16382.0
  },
  "benchmark_duration": {
    "unit": "sec",
    "avg": 59.998981184
  },
  "total_isl": {
    "unit": "tokens",
    "avg": 15360.0
  },
  "total_osl": {
    "unit": "tokens",
    "avg": 16382.0
  },
  "telemetry_data": {
    "summary": {
      "endpoints_configured": [],
      "endpoints_successful": [],
      "start_time": "2026-07-07T14:20:45.474986",
      "end_time": "2026-07-07T14:21:47.483887"
    },
    "endpoints": {},
    "error_summary": []
  },
  "input_config": {
    "models": {
      "items": [
        {
          "name": "Qwen/Qwen3-30B-A3B-FP8"
        }
      ]
    },
    "endpoint": {
      "urls": [
        "http://127.0.0.1:8000"
      ],
      "type": "completions",
      "streaming": true,
      "extra": {
        "ignore_eos": true
      }
    },
    "datasets": [
      {
        "name": "main",
        "type": "synthetic",
        "entries": 128,
        "prompts": {
          "isl": {
            "mean": 120.0
          },
          "osl": {
            "mean": 128.0
          }
        }
      }
    ],
    "phases": [
      {
        "name": "profiling",
        "type": "concurrency",
        "requests": 128,
        "concurrency": 32
      }
    ],
    "artifacts": {
      "dir": "/tmp/aiperf-vllm-epnc8-c32_isl120",
      "records": [
        "jsonl"
      ],
      "auto_plot": false,
      "plot_required": false
    },
    "tokenizer": {
      "name": "/tmp/hf/hub/models--Qwen--Qwen3-30B-A3B-FP8/snapshots/d206ba732169f29bb77fbf80fc2c4b81d4d30782/"
    },
    "gpu_telemetry": {
      "enabled": true
    },
    "server_metrics": {
      "enabled": true,
      "urls": [],
      "formats": [
        "json",
        "csv"
      ]
    },
    "otel": {},
    "mlflow": {},
    "runtime": {
      "ui": "none"
    }
  },
  "run_info": {
    "benchmark_id": "ee70ca557fa7",
    "trial": 0,
    "cli_command": "aiperf profile --model 'Qwen/Qwen3-30B-A3B-FP8' --tokenizer '/tmp/hf/hub/models--Qwen--Qwen3-30B-A3B-FP8/snapshots/d206ba732169f29bb77fbf80fc2c4b81d4d30782/' --url 'http://127.0.0.1:8000' --endpoint-type 'completions' --streaming --concurrency 32 --request-count 128 --synthetic-input-tokens-mean 120 --output-tokens-mean 128 --extra-inputs 'ignore_eos:true' --artifact-dir '/tmp/aiperf-vllm-epnc8-c32_isl120'"
  },
  "was_cancelled": false,
  "error_summary": [],
  "start_time": "2026-07-07T14:20:45.474986",
  "end_time": "2026-07-07T14:21:45.477168",
  "http_req_data_received": {
    "unit": "KB",
    "avg": 34.304840087890625,
    "p1": 34.008974609375,
    "p5": 34.202587890625,
    "p10": 34.22626953125,
    "p25": 34.2802734375,
    "p50": 34.3193359375,
    "p75": 34.34912109375,
    "p90": 34.36796875,
    "p95": 34.388330078125,
    "p99": 34.40474609375,
    "min": 33.951171875,
    "max": 34.412109375,
    "std": 0.0698434696469238,
    "count": 128,
    "sum": 4391.01953125
  },
  "http_req_dns_lookup": {
    "unit": "ms",
    "avg": 0.0,
    "p1": 0.0,
    "p5": 0.0,
    "p10": 0.0,
    "p25": 0.0,
    "p50": 0.0,
    "p75": 0.0,
    "p90": 0.0,
    "p95": 0.0,
    "p99": 0.0,
    "min": 0.0,
    "max": 0.0,
    "std": 0.0,
    "count": 128,
    "sum": 0.0
  },
  "http_req_data_sent": {
    "unit": "KB",
    "avg": 0.6010513305664062,
    "p1": 0.52021484375,
    "p5": 0.54853515625,
    "p10": 0.5599609375,
    "p25": 0.581787109375,
    "p50": 0.60205078125,
    "p75": 0.624267578125,
    "p90": 0.64384765625,
    "p95": 0.6513671875,
    "p99": 0.660869140625,
    "min": 0.42578125,
    "max": 0.6611328125,
    "std": 0.034431178579757964,
    "count": 128,
    "sum": 76.9345703125
  },
  "http_req_waiting": {
    "unit": "ms",
    "avg": 474.06246890625,
    "p1": 135.36403371999998,
    "p5": 192.86105955,
    "p10": 205.9054103,
    "p25": 214.12119375,