{
  "schema_version": "1.3",
  "aiperf_version": "0.10.0",
  "benchmark_id": "fae6e9f1f9fc",
  "request_throughput": {
    "unit": "requests/sec",
    "avg": 0.8309213717341536
  },
  "request_latency": {
    "unit": "ms",
    "avg": 4810.860193225,
    "p1": 4617.90432137,
    "p5": 4618.345386399999,
    "p10": 4622.047492,
    "p25": 4623.69698825,
    "p50": 4631.578499,
    "p75": 4648.45310375,
    "p90": 4830.649054800002,
    "p95": 6419.5827673,
    "p99": 6420.082017319999,
    "min": 4617.896567,
    "max": 6420.168095,
    "std": 533.0899918368409,
    "count": 40,
    "sum": 192434.407729
  },
  "request_count": {
    "unit": "requests",
    "avg": 40.0
  },
  "time_to_first_token": {
    "unit": "ms",
    "avg": 285.248252675,
    "p1": 115.21745881,
    "p5": 115.67749165000001,
    "p10": 115.86631919999999,
    "p25": 116.366733,
    "p50": 116.88295,
    "p75": 117.34528949999999,
    "p90": 287.2608693000023,
    "p95": 1809.97818975,
    "p99": 1810.38535245,
    "min": 115.09527999999999,
    "max": 1810.478073,
    "std": 505.16706774155836,
    "count": 40,
    "sum": 11409.930107
  },
  "time_to_second_token": {
    "unit": "ms",
    "avg": 35.901568874999995,
    "p1": 34.77141973,
    "p5": 35.1691102,
    "p10": 35.212067299999994,
    "p25": 35.453259249999995,
    "p50": 35.6705855,
    "p75": 35.981421749999996,
    "p90": 36.3740046,
    "p95": 38.75159985,
    "p99": 38.80886713,
    "min": 34.537807,
    "max": 38.842068999999995,
    "std": 0.9768013639413897,
    "count": 40,
    "sum": 1436.062755
  },
  "inter_token_latency": {
    "unit": "ms",
    "avg": 35.63473968937008,
    "p1": 35.44534118440944,
    "p5": 35.4499743984252,
    "p10": 35.467063318897644,
    "p25": 35.49718186811023,
    "p50": 35.5469263503937,
    "p75": 35.68169005905512,
    "p90": 35.809813764566925,
    "p95": 36.29609232992126,
    "p99": 36.296853638818895,
    "min": 35.44296992913385,
    "max": 36.296905944881885,
    "std": 0.23720766085892678,
    "count": 40,
    "sum": 1425.389587574803
  },
  "output_token_throughput": {
    "unit": "tokens/sec",
    "avg": 106.35793558197166
  },
  "output_token_throughput_per_user": {
    "unit": "tokens/sec/user",
    "avg": 28.0637305006558,
    "p1": 27.550597359043937,
    "p5": 27.551175231998176,
    "p10": 27.925823338688172,
    "p25": 28.025578338517988,
    "p50": 28.13183607730884,
    "p75": 28.171250442242155,
    "p90": 28.195173995120598,
    "p95": 28.208765083909515,
    "p99": 28.212452570203272,
    "min": 27.550557656857443,
    "max": 28.2143398817718,
    "std": 0.1843617400135586,
    "count": 40,
    "sum": 1122.5492200262318
  },
  "output_sequence_length": {
    "unit": "tokens",
    "avg": 128.0,
    "p1": 128.0,
    "p5": 128.0,
    "p10": 128.0,
    "p25": 128.0,
    "p50": 128.0,
    "p75": 128.0,
    "p90": 128.0,
    "p95": 128.0,
    "p99": 128.0,
    "min": 128.0,
    "max": 128.0,
    "std": 0.0,
    "count": 40,
    "sum": 5120.0
  },
  "input_sequence_length": {
    "unit": "tokens",
    "avg": 120.0,
    "p1": 120.0,
    "p5": 120.0,
    "p10": 120.0,
    "p25": 120.0,
    "p50": 120.0,
    "p75": 120.0,
    "p90": 120.0,
    "p95": 120.0,
    "p99": 120.0,
    "min": 120.0,
    "max": 120.0,
    "std": 0.0,
    "count": 40,
    "sum": 4800.0
  },
  "output_token_count": {
    "unit": "tokens",
    "avg": 128.0,
    "p1": 128.0,
    "p5": 128.0,
    "p10": 128.0,
    "p25": 128.0,
    "p50": 128.0,
    "p75": 128.0,
    "p90": 128.0,
    "p95": 128.0,
    "p99": 128.0,
    "min": 128.0,
    "max": 128.0,
    "std": 0.0,
    "count": 40,
    "sum": 5120.0
  },
  "inter_chunk_latency": {
    "unit": "ms",
    "avg": 36.154279533053725,
    "p1": 34.842830916666664,
    "p5": 35.023151804166666,
    "p10": 35.13334709166666,
    "p25": 35.333633872669,
    "p50": 35.56481714774115,
    "p75": 35.827969552469135,
    "p90": 36.132260712380955,
    "p95": 36.577644633999995,
    "p99": 70.75393410333334,
    "min": 34.398102,
    "max": 73.99494399999999,
    "std": 4.318627614767651,
    "count": 5007,
    "sum": 181024.477622
  },
  "total_output_tokens": {
    "unit": "tokens",
    "avg": 5120.0
  },
  "benchmark_duration": {
    "unit": "sec",
    "avg": 48.139332265
  },
  "total_isl": {
    "unit": "tokens",
    "avg": 4800.0
  },
  "total_osl": {
    "unit": "tokens",
    "avg": 5120.0
  },
  "telemetry_data": {
    "summary": {
      "endpoints_configured": [],
      "endpoints_successful": [],
      "start_time": "2026-06-23T00:42:16.600623",
      "end_time": "2026-06-23T00:43:06.755983"
    },
    "endpoints": {},
    "error_summary": []
  },
  "input_config": {
    "models": {
      "items": [
        {
          "name": "d206ba732169f29bb77fbf80fc2c4b81d4d30782"
        }
      ]
    },
    "endpoint": {
      "urls": [
        "http://127.0.0.1:8000"
      ],
      "type": "completions",
      "streaming": true,
      "extra": {
        "ignore_eos": true
      }
    },
    "datasets": [
      {
        "name": "main",
        "type": "synthetic",
        "entries": 40,
        "prompts": {
          "isl": {
            "mean": 120.0,
            "stddev": 0.0
          },
          "osl": {
            "mean": 128.0,
            "stddev": 0.0
          }
        }
      }
    ],
    "phases": [
      {
        "name": "profiling",
        "type": "concurrency",
        "requests": 40,
        "concurrency": 4
      }
    ],
    "artifacts": {
      "dir": "/tmp/aiperf-dense/out",
      "records": [
        "jsonl"
      ],
      "auto_plot": false,
      "plot_required": false
    },
    "tokenizer": {
      "name": "/data/hf-cache/hub/models--Qwen--Qwen3-30B-A3B-FP8/snapshots/d206ba732169f29bb77fbf80fc2c4b81d4d30782"
    },
    "gpu_telemetry": {
      "enabled": true
    },
    "server_metrics": {
      "enabled": true,
      "urls": [],
      "formats": [
        "json",
        "csv"
      ]
    },
    "otel": {},
    "mlflow": {},
    "runtime": {
      "ui": "none"
    }
  },
  "run_info": {
    "benchmark_id": "fae6e9f1f9fc",
    "trial": 0,
    "cli_command": "aiperf profile --model 'd206ba732169f29bb77fbf80fc2c4b81d4d30782' --tokenizer '/data/hf-cache/hub/models--Qwen--Qwen3-30B-A3B-FP8/snapshots/d206ba732169f29bb77fbf80fc2c4b81d4d30782' --url 'http://127.0.0.1:8000' --endpoint-type 'completions' --streaming --concurrency 4 --request-count 40 --synthetic-input-tokens-mean 120 --synthetic-input-tokens-stddev 0 --output-tokens-mean 128 --output-tokens-stddev 0 --extra-inputs 'ignore_eos:true' --artifact-dir '/tmp/aiperf-dense/out'"
  },
  "was_cancelled": false,
  "error_summary": [],
  "start_time": "2026-06-23T00:42:16.600623",
  "end_time": "2026-06-23T00:43:04.742921",
  "http_req_connecting": {
    "unit": "ms",
    "avg": 0.205695775,
    "p1": 0.0,
    "p5": 0.0,
    "p10": 0.0,
    "p25": 0.0,
    "p50": 0.0,
    "p75": 0.0,
    "p90": 0.19166900000000273,
    "p95": 2.0959751,
    "p99": 2.10986143,
    "min": 0.0,
    "max": 2.117803,
    "std": 0.6176245422746528,
    "count": 40,
    "sum": 8.227831
  },
  "http_req_chunks_received": {
    "unit": "count",
    "avg": 128.025,
    "p1": 128.0,
    "p5": 128.0,
    "p10": 128.0,
    "p25": 128.0,
    "p50": 128.0,
    "p75": 128.0,
    "p90": 128.0,
    "p95": 128.0,
    "p99": 128.61,
    "min": 128.0,
    "max": 129.0,
    "std": 0.15612494995995996,
    "count": 40,
    "sum": 5121.0
  },
  "http_req_chunks_sent": {
    "unit": "count",
    "avg": 1.0,
    "p1": 1.0,
    "p5": 1.0,
    "p10": 1.0,
    "p25": 1.0,
    "p50": 1.0,
    "p75": 1.0,
    "p90": 1.0,
    "p95": 1.0,
    "p99": 1.0,
    "min": 1.0,
    "max": 1.0,
    "std": 0.0,
    "count": 40,
    "sum": 40.0
  },
  "http_req_dns_lookup": {
    "unit": "ms",
    "avg": 0.0,
    "p1": 0.0,
    "p5": 0.0,
    "p10": 0.0,
    "p25": 0.0,
    "p50": 0.0,
    "p75": 0.0,
    "p90": 0.0,
    "p95": 0.0,
    "p99": 0.0,
    "min": 0.0,
    "max": 0.0,
    "std": 0.0,
    "count": 40,
    "sum": 0.0
  },