{
  "schema_version": "1.3",
  "aiperf_version": "0.10.0",
  "benchmark_id": "e27e731ea174",
  "request_throughput": {
    "unit": "requests/sec",
    "avg": 0.5019455847998704
  },
  "request_latency": {
    "unit": "ms",
    "avg": 7965.36135435,
    "p1": 6732.73433972,
    "p5": 6733.13251605,
    "p10": 6748.955299899999,
    "p25": 6774.5949185,
    "p50": 6817.835235,
    "p75": 7232.325318249999,
    "p90": 8279.993245600015,
    "p95": 17676.14454205,
    "p99": 17676.53999709,
    "min": 6732.518105,
    "max": 17676.548018999998,
    "std": 3237.6365786785022,
    "count": 40,
    "sum": 318614.454174
  },
  "request_count": {
    "unit": "requests",
    "avg": 40.0
  },
  "time_to_first_token": {
    "unit": "ms",
    "avg": 1375.3852287,
    "p1": 189.48616393,
    "p5": 189.7986296,
    "p10": 190.4564456,
    "p25": 191.87419749999998,
    "p50": 210.9484235,
    "p75": 640.9925627499999,
    "p90": 1688.3060050000147,
    "p95": 11074.3548206,
    "p99": 11074.688831799998,
    "min": 189.381766,
    "max": 11074.693191999999,
    "std": 3233.538329691017,
    "count": 40,
    "sum": 55015.409148
  },
  "time_to_second_token": {
    "unit": "ms",
    "avg": 51.76079214999999,
    "p1": 50.878333219999995,
    "p5": 50.938326849999996,
    "p10": 51.1511995,
    "p25": 51.238009,
    "p50": 51.6796155,
    "p75": 52.222075249999996,
    "p90": 52.5304592,
    "p95": 52.9740062,
    "p99": 52.98866677,
    "min": 50.848420999999995,
    "max": 52.996762,
    "std": 0.594390657548533,
    "count": 40,
    "sum": 2070.431686
  },
  "inter_token_latency": {
    "unit": "ms",
    "avg": 51.89987377061304,
    "p1": 51.242871140866136,
    "p5": 51.49316587322835,
    "p10": 51.631582156692915,
    "p25": 51.81740871259842,
    "p50": 51.89648294488188,
    "p75": 52.06220078740157,
    "p90": 52.21516587086614,
    "p95": 52.21629490984251,
    "p99": 52.2760623708324,
    "min": 51.09216945669291,
    "max": 52.313728714285716,
    "std": 0.2433647007857966,
    "count": 40,
    "sum": 2075.9949508245218
  },
  "output_token_throughput": {
    "unit": "tokens/sec",
    "avg": 64.2364862147634
  },
  "output_token_throughput_per_user": {
    "unit": "tokens/sec/user",
    "avg": 19.26829512677428,
    "p1": 19.129229842456862,
    "p5": 19.151109854513333,
    "p10": 19.151523955206628,
    "p25": 19.20779347012845,
    "p50": 19.26912854563613,
    "p75": 19.298533540847863,
    "p90": 19.368005445246222,
    "p95": 19.420052880097195,
    "p99": 19.515173204421817,
    "min": 19.115441100777858,
    "max": 19.572470901781273,
    "std": 0.09075050979437999,
    "count": 40,
    "sum": 770.7318050709711
  },
  "output_sequence_length": {
    "unit": "tokens",
    "avg": 127.975,
    "p1": 127.39,
    "p5": 128.0,
    "p10": 128.0,
    "p25": 128.0,
    "p50": 128.0,
    "p75": 128.0,
    "p90": 128.0,
    "p95": 128.0,
    "p99": 128.0,
    "min": 127.0,
    "max": 128.0,
    "std": 0.15612494995995996,
    "count": 40,
    "sum": 5119.0
  },
  "input_sequence_length": {
    "unit": "tokens",
    "avg": 120.0,
    "p1": 120.0,
    "p5": 120.0,
    "p10": 120.0,
    "p25": 120.0,
    "p50": 120.0,
    "p75": 120.0,
    "p90": 120.0,
    "p95": 120.0,
    "p99": 120.0,
    "min": 120.0,
    "max": 120.0,
    "std": 0.0,
    "count": 40,
    "sum": 4800.0
  },
  "output_token_count": {
    "unit": "tokens",
    "avg": 127.975,
    "p1": 127.39,
    "p5": 128.0,
    "p10": 128.0,
    "p25": 128.0,
    "p50": 128.0,
    "p75": 128.0,
    "p90": 128.0,
    "p95": 128.0,
    "p99": 128.0,
    "min": 127.0,
    "max": 128.0,
    "std": 0.15612494995995996,
    "count": 40,
    "sum": 5119.0
  },
  "inter_chunk_latency": {
    "unit": "ms",
    "avg": 52.342939838363776,
    "p1": 50.69890370666666,
    "p5": 50.97427602666666,
    "p10": 51.13863870416667,
    "p25": 51.45229089105339,
    "p50": 51.786091789506166,
    "p75": 52.13052663333334,
    "p90": 52.451024524999994,
    "p95": 52.91185067777777,
    "p99": 61.97557244,
    "min": 50.103913,
    "max": 109.084554,
    "std": 4.9083117162960725,
    "count": 5036,
    "sum": 263599.045026
  },
  "total_output_tokens": {
    "unit": "tokens",
    "avg": 5119.0
  },
  "benchmark_duration": {
    "unit": "sec",
    "avg": 79.68991303300001
  },
  "total_isl": {
    "unit": "tokens",
    "avg": 4800.0
  },
  "total_osl": {
    "unit": "tokens",
    "avg": 5119.0
  },
  "telemetry_data": {
    "summary": {
      "endpoints_configured": [],
      "endpoints_successful": [],
      "start_time": "2026-06-23T00:30:37.665045",
      "end_time": "2026-06-23T00:31:59.371344"
    },
    "endpoints": {},
    "error_summary": []
  },
  "input_config": {
    "models": {
      "items": [
        {
          "name": "d206ba732169f29bb77fbf80fc2c4b81d4d30782"
        }
      ]
    },
    "endpoint": {
      "urls": [
        "http://127.0.0.1:8000"
      ],
      "type": "completions",
      "streaming": true,
      "extra": {
        "ignore_eos": true
      }
    },
    "datasets": [
      {
        "name": "main",
        "type": "synthetic",
        "entries": 40,
        "prompts": {
          "isl": {
            "mean": 120.0,
            "stddev": 0.0
          },
          "osl": {
            "mean": 128.0,
            "stddev": 0.0
          }
        }
      }
    ],
    "phases": [
      {
        "name": "profiling",
        "type": "concurrency",
        "requests": 40,
        "concurrency": 4
      }
    ],
    "artifacts": {
      "dir": "/tmp/aiperf-deepep/out",
      "records": [
        "jsonl"
      ],
      "auto_plot": false,
      "plot_required": false
    },
    "tokenizer": {
      "name": "/data/hf-cache/hub/models--Qwen--Qwen3-30B-A3B-FP8/snapshots/d206ba732169f29bb77fbf80fc2c4b81d4d30782"
    },
    "gpu_telemetry": {
      "enabled": true
    },
    "server_metrics": {
      "enabled": true,
      "urls": [],
      "formats": [
        "json",
        "csv"
      ]
    },
    "otel": {},
    "mlflow": {},
    "runtime": {
      "ui": "none"
    }
  },
  "run_info": {
    "benchmark_id": "e27e731ea174",
    "trial": 0,
    "cli_command": "aiperf profile --model 'd206ba732169f29bb77fbf80fc2c4b81d4d30782' --tokenizer '/data/hf-cache/hub/models--Qwen--Qwen3-30B-A3B-FP8/snapshots/d206ba732169f29bb77fbf80fc2c4b81d4d30782' --url 'http://127.0.0.1:8000' --endpoint-type 'completions' --streaming --concurrency 4 --request-count 40 --synthetic-input-tokens-mean 120 --synthetic-input-tokens-stddev 0 --output-tokens-mean 128 --output-tokens-stddev 0 --extra-inputs 'ignore_eos:true' --artifact-dir '/tmp/aiperf-deepep/out'"
  },
  "was_cancelled": false,
  "error_summary": [],
  "start_time": "2026-06-23T00:30:37.665045",
  "end_time": "2026-06-23T00:31:57.358150",
  "http_req_chunks_sent": {
    "unit": "count",
    "avg": 1.0,
    "p1": 1.0,
    "p5": 1.0,
    "p10": 1.0,
    "p25": 1.0,
    "p50": 1.0,
    "p75": 1.0,
    "p90": 1.0,
    "p95": 1.0,
    "p99": 1.0,
    "min": 1.0,
    "max": 1.0,
    "std": 0.0,
    "count": 40,
    "sum": 40.0
  },
  "http_req_receiving": {
    "unit": "ms",
    "avg": 6591.2729946,
    "p1": 6538.543825199999,
    "p5": 6539.8953703,
    "p10": 6557.2170822,
    "p25": 6580.8125872499995,
    "p50": 6590.9520864999995,
    "p75": 6611.73374825,
    "p90": 6622.5510262,
    "p95": 6631.409538649999,
    "p99": 6631.5359899,
    "min": 6537.783957,
    "max": 6631.581187,
    "std": 26.257498634105623,
    "count": 40,
    "sum": 263650.91978399997
  },
  "http_req_blocked": {
    "unit": "ms",
    "avg": 0.0,
    "p1": 0.0,
    "p5": 0.0,
    "p10": 0.0,
    "p25": 0.0,
    "p50": 0.0,
    "p75": 0.0,
    "p90": 0.0,
    "p95": 0.0,
    "p99": 0.0,
    "min": 0.0,
    "max": 0.0,
    "std": 0.0,
    "count": 40,
    "sum": 0.0
  },
  "http_req_dns_lookup": {
    "unit": "ms",
    "avg": 0.0,
    "p1": 0.0,
    "p5": 0.0,
    "p10": 0.0,
    "p25": 0.0,
    "p50": 0.0,
    "p75": 0.0,
    "p90": 0.0,
    "p95": 0.0,
    "p99": 0.0,
    "min": 0.0,