{
  "schema_version": "1.3",
  "aiperf_version": "0.10.0",
  "benchmark_id": "0398c6526596",
  "request_throughput": {
    "unit": "requests/sec",
    "avg": 1.1123549780028616
  },
  "request_latency": {
    "unit": "ms",
    "avg": 7188.5629794999995,
    "p1": 6945.70083847,
    "p5": 6946.5800125,
    "p10": 6947.165040399999,
    "p25": 6952.02031025,
    "p50": 6956.6404999999995,
    "p75": 7033.05892025,
    "p90": 8575.2608506,
    "p95": 8592.0970527,
    "p99": 8592.236377969999,
    "min": 6945.592372,
    "max": 8592.28034,
    "std": 532.8729843152652,
    "count": 64,
    "sum": 460068.03068799997
  },
  "request_count": {
    "unit": "requests",
    "avg": 64.0
  },
  "time_to_first_token": {
    "unit": "ms",
    "avg": 401.91665315625,
    "p1": 167.28786196000001,
    "p5": 167.46572115,
    "p10": 167.58257559999998,
    "p25": 168.21942099999998,
    "p50": 168.89254449999999,
    "p75": 230.43430575,
    "p90": 1794.8746275,
    "p95": 1811.9337349999998,
    "p99": 1812.08290103,
    "min": 167.214787,
    "max": 1812.0916069999998,
    "std": 535.3813153688415,
    "count": 64,
    "sum": 25722.665802
  },
  "time_to_second_token": {
    "unit": "ms",
    "avg": 54.482051031249995,
    "p1": 52.98867403,
    "p5": 53.022054399999995,
    "p10": 53.0409794,
    "p25": 53.22038225,
    "p50": 53.4512655,
    "p75": 53.82363025,
    "p90": 55.23205239999999,
    "p95": 55.279416,
    "p99": 74.56387818999985,
    "min": 52.981818999999994,
    "max": 106.95487899999999,
    "std": 6.646470598719247,
    "count": 64,
    "sum": 3486.8512659999997
  },
  "inter_token_latency": {
    "unit": "ms",
    "avg": 53.43816004995078,
    "p1": 53.363441808503936,
    "p5": 53.366748571653545,
    "p10": 53.36848397165354,
    "p25": 53.39438842519685,
    "p50": 53.41668158267717,
    "p75": 53.43951304330709,
    "p90": 53.61240582204724,
    "p95": 53.614693074409445,
    "p99": 53.616183086929134,
    "min": 53.36234830708661,
    "max": 53.61670937007874,
    "std": 0.07305041763482387,
    "count": 64,
    "sum": 3420.042243196849
  },
  "output_token_throughput": {
    "unit": "tokens/sec",
    "avg": 142.3814371843663
  },
  "output_token_throughput_per_user": {
    "unit": "tokens/sec/user",
    "avg": 18.713254044861188,
    "p1": 18.65108522244605,
    "p5": 18.65160355601601,
    "p10": 18.65239931982397,
    "p25": 18.71274686982534,
    "p50": 18.72074364140697,
    "p75": 18.728559871516048,
    "p90": 18.737650493917286,
    "p95": 18.73825981095502,
    "p99": 18.73942096604522,
    "min": 18.650902148762945,
    "max": 18.73980496969992,
    "std": 0.02552629179553391,
    "count": 64,
    "sum": 1197.6482588711162
  },
  "output_sequence_length": {
    "unit": "tokens",
    "avg": 128.0,
    "p1": 128.0,
    "p5": 128.0,
    "p10": 128.0,
    "p25": 128.0,
    "p50": 128.0,
    "p75": 128.0,
    "p90": 128.0,
    "p95": 128.0,
    "p99": 128.0,
    "min": 128.0,
    "max": 128.0,
    "std": 0.0,
    "count": 64,
    "sum": 8192.0
  },
  "input_sequence_length": {
    "unit": "tokens",
    "avg": 120.0,
    "p1": 120.0,
    "p5": 120.0,
    "p10": 120.0,
    "p25": 120.0,
    "p50": 120.0,
    "p75": 120.0,
    "p90": 120.0,
    "p95": 120.0,
    "p99": 120.0,
    "min": 120.0,
    "max": 120.0,
    "std": 0.0,
    "count": 64,
    "sum": 7680.0
  },
  "output_token_count": {
    "unit": "tokens",
    "avg": 128.0,
    "p1": 128.0,
    "p5": 128.0,
    "p10": 128.0,
    "p25": 128.0,
    "p50": 128.0,
    "p75": 128.0,
    "p90": 128.0,
    "p95": 128.0,
    "p99": 128.0,
    "min": 128.0,
    "max": 128.0,
    "std": 0.0,
    "count": 64,
    "sum": 8192.0
  },
  "inter_chunk_latency": {
    "unit": "ms",
    "avg": 54.17128521900723,
    "p1": 52.7366931,
    "p5": 52.90433060714285,
    "p10": 52.995620308333336,
    "p25": 53.16141002205679,
    "p50": 53.34694032553039,
    "p75": 53.610884267154304,
    "p90": 54.0025645071805,
    "p95": 54.43409360178571,
    "p99": 106.48510069,
    "min": 52.337306,
    "max": 114.617032,
    "std": 6.236533784835813,
    "count": 8018,
    "sum": 434345.364886
  },
  "total_output_tokens": {
    "unit": "tokens",
    "avg": 8192.0
  },
  "benchmark_duration": {
    "unit": "sec",
    "avg": 57.535590046
  },
  "total_isl": {
    "unit": "tokens",
    "avg": 7680.0
  },
  "total_osl": {
    "unit": "tokens",
    "avg": 8192.0
  },
  "telemetry_data": {
    "summary": {
      "endpoints_configured": [],
      "endpoints_successful": [],
      "start_time": "2026-07-07T12:28:17.090350",
      "end_time": "2026-07-07T12:29:16.635479"
    },
    "endpoints": {},
    "error_summary": []
  },
  "input_config": {
    "models": {
      "items": [
        {
          "name": "d206ba732169f29bb77fbf80fc2c4b81d4d30782"
        }
      ]
    },
    "endpoint": {
      "urls": [
        "http://127.0.0.1:8000"
      ],
      "type": "completions",
      "streaming": true,
      "extra": {
        "ignore_eos": true
      }
    },
    "datasets": [
      {
        "name": "main",
        "type": "synthetic",
        "entries": 64,
        "prompts": {
          "isl": {
            "mean": 120.0
          },
          "osl": {
            "mean": 128.0
          }
        }
      }
    ],
    "phases": [
      {
        "name": "profiling",
        "type": "concurrency",
        "requests": 64,
        "concurrency": 8
      }
    ],
    "artifacts": {
      "dir": "/tmp/aiperf-seam-trtllm-c8_isl120",
      "records": [
        "jsonl"
      ],
      "auto_plot": false,
      "plot_required": false
    },
    "tokenizer": {
      "name": "/tmp/hf/hub/models--Qwen--Qwen3-30B-A3B-FP8/snapshots/d206ba732169f29bb77fbf80fc2c4b81d4d30782/"
    },
    "gpu_telemetry": {
      "enabled": true
    },
    "server_metrics": {
      "enabled": true,
      "urls": [],
      "formats": [
        "json",
        "csv"
      ]
    },
    "otel": {},
    "mlflow": {},
    "runtime": {
      "ui": "none"
    }
  },
  "run_info": {
    "benchmark_id": "0398c6526596",
    "trial": 0,
    "cli_command": "aiperf profile --model 'd206ba732169f29bb77fbf80fc2c4b81d4d30782' --tokenizer '/tmp/hf/hub/models--Qwen--Qwen3-30B-A3B-FP8/snapshots/d206ba732169f29bb77fbf80fc2c4b81d4d30782/' --url 'http://127.0.0.1:8000' --endpoint-type 'completions' --streaming --concurrency 8 --request-count 64 --synthetic-input-tokens-mean 120 --output-tokens-mean 128 --extra-inputs 'ignore_eos:true' --artifact-dir '/tmp/aiperf-seam-trtllm-c8_isl120'"
  },
  "was_cancelled": false,
  "error_summary": [],
  "start_time": "2026-07-07T12:28:17.090350",
  "end_time": "2026-07-07T12:29:14.629418",
  "http_req_duration": {
    "unit": "ms",
    "avg": 7188.467376093749,
    "p1": 6945.61062764,
    "p5": 6946.48597635,
    "p10": 6947.0901077,
    "p25": 6951.93219975,
    "p50": 6956.564428,
    "p75": 7032.987499999999,
    "p90": 8575.0700194,
    "p95": 8591.9141976,
    "p99": 8592.057462969999,
    "min": 6945.503384,
    "max": 8592.104953,
    "std": 532.8423507949079,
    "count": 64,
    "sum": 460061.91206999996
  },
  "http_req_sending": {
    "unit": "ms",
    "avg": 0.46547548437499997,
    "p1": 0.17348598,
    "p5": 0.1769001,
    "p10": 0.1792935,
    "p25": 0.18538675,
    "p50": 0.21917799999999998,
    "p75": 0.2319935,
    "p90": 2.1596249,
    "p95": 2.23981805,
    "p99": 2.4423374799999995,
    "min": 0.168291,
    "max": 2.587555,
    "std": 0.6855430548021534,
    "count": 64,
    "sum": 29.790430999999998
  },
  "http_req_dns_lookup": {
    "unit": "ms",
    "avg": 0.0,
    "p1": 0.0,
    "p5": 0.0,
    "p10": 0.0,
    "p25": 0.0,
    "p50": 0.0,
    "p75": 0.0,
    "p90": 0.0,
    "p95": 0.0,
    "p99": 0.0,
    "min": 0.0,
    "max": 0.0,
    "std": 0.0,
    "count": 64,
    "sum": 0.0
  },
  "http_req_connecting": {
    "unit": "ms",
    "avg": 0.236595640625,
    "p1": 0.0,
    "p5": 0.0,
    "p10": 0.0,
    "p25": 0.0,
    "p50": 0.0,
    "p75": 0.0,
    "p90": 1.8001358,
    "p95": 1.8626675,