{
  "schema_version": "1.3",
  "aiperf_version": "0.10.0",
  "benchmark_id": "2b48f805ab44",
  "request_throughput": {
    "unit": "requests/sec",
    "avg": 0.15201409725864432
  },
  "request_latency": {
    "unit": "ms",
    "avg": 26300.55361335,
    "p1": 26006.85582157,
    "p5": 26009.7163194,
    "p10": 26033.047345599996,
    "p25": 26116.6742265,
    "p50": 26243.9253885,
    "p75": 26305.90140475,
    "p90": 26427.070356300002,
    "p95": 27221.237680799997,
    "p99": 27417.32721814,
    "min": 26006.830252,
    "max": 27417.356848,
    "std": 355.6428748966153,
    "count": 40,
    "sum": 1052022.144534
  },
  "request_count": {
    "unit": "requests",
    "avg": 40.0
  },
  "time_to_first_token": {
    "unit": "ms",
    "avg": 580.344740175,
    "p1": 431.17055948,
    "p5": 432.19127749999996,
    "p10": 433.71633269999995,
    "p25": 450.07897649999995,
    "p50": 474.490322,
    "p75": 508.69091749999995,
    "p90": 656.5049613000009,
    "p95": 1262.0560563999986,
    "p99": 1691.18728535,
    "min": 430.940564,
    "max": 1691.240768,
    "std": 306.22100444112596,
    "count": 40,
    "sum": 23213.789607
  },
  "time_to_second_token": {
    "unit": "ms",
    "avg": 231.02668834999997,
    "p1": 194.15727281,
    "p5": 196.84116085,
    "p10": 197.27403969999997,
    "p25": 203.64272474999999,
    "p50": 221.726631,
    "p75": 231.96785175,
    "p90": 260.06768340000013,
    "p95": 362.09944099999996,
    "p99": 368.27275514999997,
    "min": 194.15435599999998,
    "max": 368.283837,
    "std": 47.037262225571546,
    "count": 40,
    "sum": 9241.067534
  },
  "inter_token_latency": {
    "unit": "ms",
    "avg": 202.52132971003937,
    "p1": 200.94976092448817,
    "p5": 201.08753981771653,
    "p10": 201.4293273496063,
    "p25": 201.87966968503937,
    "p50": 202.67537868897637,
    "p75": 202.95476916732284,
    "p90": 203.4572122559055,
    "p95": 203.98048189999997,
    "p99": 204.49583367511812,
    "min": 200.94961592125983,
    "max": 204.49956703149607,
    "std": 0.8762118563711511,
    "count": 40,
    "sum": 8100.853188401573
  },
  "output_token_throughput": {
    "unit": "tokens/sec",
    "avg": 19.457804449106472
  },
  "output_token_throughput_per_user": {
    "unit": "tokens/sec/user",
    "avg": 4.937843865381413,
    "p1": 4.89007517928219,
    "p5": 4.902431439968075,
    "p10": 4.915041586554212,
    "p25": 4.927206214974785,
    "p50": 4.933998428879121,
    "p75": 4.9534467109714075,
    "p90": 4.964521892880379,
    "p95": 4.972958670385048,
    "p99": 4.976368199694394,
    "min": 4.8899859032268,
    "max": 4.976371790587747,
    "std": 0.02134851654835575,
    "count": 40,
    "sum": 197.51375461525654
  },
  "output_sequence_length": {
    "unit": "tokens",
    "avg": 128.0,
    "p1": 128.0,
    "p5": 128.0,
    "p10": 128.0,
    "p25": 128.0,
    "p50": 128.0,
    "p75": 128.0,
    "p90": 128.0,
    "p95": 128.0,
    "p99": 128.0,
    "min": 128.0,
    "max": 128.0,
    "std": 0.0,
    "count": 40,
    "sum": 5120.0
  },
  "input_sequence_length": {
    "unit": "tokens",
    "avg": 120.0,
    "p1": 120.0,
    "p5": 120.0,
    "p10": 120.0,
    "p25": 120.0,
    "p50": 120.0,
    "p75": 120.0,
    "p90": 120.0,
    "p95": 120.0,
    "p99": 120.0,
    "min": 120.0,
    "max": 120.0,
    "std": 0.0,
    "count": 40,
    "sum": 4800.0
  },
  "output_token_count": {
    "unit": "tokens",
    "avg": 128.0,
    "p1": 128.0,
    "p5": 128.0,
    "p10": 128.0,
    "p25": 128.0,
    "p50": 128.0,
    "p75": 128.0,
    "p90": 128.0,
    "p95": 128.0,
    "p99": 128.0,
    "min": 128.0,
    "max": 128.0,
    "std": 0.0,
    "count": 40,
    "sum": 5120.0
  },
  "inter_chunk_latency": {
    "unit": "ms",
    "avg": 202.52132971003937,
    "p1": 190.66018213333334,
    "p5": 195.4177663125,
    "p10": 197.2799868602941,
    "p25": 199.8174515266272,
    "p50": 201.9986952064777,
    "p75": 204.582784760582,
    "p90": 207.8601909259259,
    "p95": 209.72807375999997,
    "p99": 216.55748111999998,
    "min": 178.26388699999998,
    "max": 368.283837,
    "std": 6.850384943182801,
    "count": 5080,
    "sum": 1028808.354927
  },
  "total_output_tokens": {
    "unit": "tokens",
    "avg": 5120.0
  },
  "benchmark_duration": {
    "unit": "sec",
    "avg": 263.13349038900003
  },
  "total_isl": {
    "unit": "tokens",
    "avg": 4800.0
  },
  "total_osl": {
    "unit": "tokens",
    "avg": 5120.0
  },
  "telemetry_data": {
    "summary": {
      "endpoints_configured": [],
      "endpoints_successful": [],
      "start_time": "2026-07-07T00:52:01.704000",
      "end_time": "2026-07-07T00:56:26.846060"
    },
    "endpoints": {},
    "error_summary": []
  },
  "input_config": {
    "models": {
      "items": [
        {
          "name": "Qwen/Qwen3-30B-A3B-FP8"
        }
      ]
    },
    "endpoint": {
      "urls": [
        "http://127.0.0.1:8000"
      ],
      "type": "completions",
      "streaming": true,
      "extra": {
        "ignore_eos": true
      }
    },
    "datasets": [
      {
        "name": "main",
        "type": "synthetic",
        "entries": 40,
        "prompts": {
          "isl": {
            "mean": 120.0
          },
          "osl": {
            "mean": 128.0
          }
        }
      }
    ],
    "phases": [
      {
        "name": "profiling",
        "type": "concurrency",
        "requests": 40,
        "concurrency": 4
      }
    ],
    "artifacts": {
      "dir": "/tmp/aiperf-deepep-vllm-epnc1-c4_isl120",
      "records": [
        "jsonl"
      ],
      "auto_plot": false,
      "plot_required": false
    },
    "tokenizer": {
      "name": "Qwen/Qwen3-30B-A3B-FP8"
    },
    "gpu_telemetry": {
      "enabled": true
    },
    "server_metrics": {
      "enabled": true,
      "urls": [],
      "formats": [
        "json",
        "csv"
      ]
    },
    "otel": {},
    "mlflow": {},
    "runtime": {
      "ui": "none"
    }
  },
  "run_info": {
    "benchmark_id": "2b48f805ab44",
    "trial": 0,
    "cli_command": "aiperf profile --model 'Qwen/Qwen3-30B-A3B-FP8' --tokenizer 'Qwen/Qwen3-30B-A3B-FP8' --url 'http://127.0.0.1:8000' --endpoint-type 'completions' --streaming --concurrency 4 --request-count 40 --synthetic-input-tokens-mean 120 --output-tokens-mean 128 --extra-inputs 'ignore_eos:true' --artifact-dir '/tmp/aiperf-deepep-vllm-epnc1-c4_isl120'"
  },
  "was_cancelled": false,
  "error_summary": [],
  "start_time": "2026-07-07T00:52:01.704000",
  "end_time": "2026-07-07T00:56:24.840872",
  "http_req_data_received": {
    "unit": "KB",
    "avg": 34.30478515625,
    "p1": 34.03771484375,
    "p5": 34.1798828125,
    "p10": 34.22587890625,
    "p25": 34.2666015625,
    "p50": 34.3193359375,
    "p75": 34.3564453125,
    "p90": 34.3681640625,
    "p95": 34.383447265625,
    "p99": 34.481884765625,
    "min": 34.015625,
    "max": 34.537109375,
    "std": 0.08456991781446585,
    "count": 40,
    "sum": 1372.19140625
  },
  "http_req_connecting": {
    "unit": "ms",
    "avg": 0.13641617499999997,
    "p1": 0.0,
    "p5": 0.0,
    "p10": 0.0,
    "p25": 0.0,
    "p50": 0.0,
    "p75": 0.0,
    "p90": 0.1264890000000018,
    "p95": 1.31084575,
    "p99": 1.4638191799999998,
    "min": 0.0,
    "max": 1.544096,
    "std": 0.4106481142116622,
    "count": 40,
    "sum": 5.456646999999999
  },
  "http_req_duration": {
    "unit": "ms",
    "avg": 26300.460936049996,
    "p1": 26006.778728669997,
    "p5": 26009.62622305,
    "p10": 26032.951136599997,
    "p25": 26116.597091,
    "p50": 26243.8404945,
    "p75": 26305.828043999998,
    "p90": 26426.982404,
    "p95": 27221.0602015,
    "p99": 27417.109593669997,
    "min": 26006.753241,
    "max": 27417.127591,
    "std": 355.61010672893076,
    "count": 40,
    "sum": 1052018.437442
  },
  "http_req_chunks_sent": {
    "unit": "count",
    "avg": 1.0,
    "p1": 1.0,
    "p5": 1.0,
    "p10": 1.0,
    "p25": 1.0,
    "p50": 1.0,
    "p75": 1.0,
    "p90": 1.0,
    "p95": 1.0,
    "p99": 1.0,
    "min": 1.0,
    "max": 1.0,