{
  "schema_version": "1.3",
  "aiperf_version": "0.10.0",
  "benchmark_id": "ed1c7bdd1fb5",
  "request_throughput": {
    "unit": "requests/sec",
    "avg": 4.400861597314113
  },
  "request_latency": {
    "unit": "ms",
    "avg": 7267.929578304687,
    "p1": 7117.11215696,
    "p5": 7119.56771705,
    "p10": 7120.5320923,
    "p25": 7124.11304425,
    "p50": 7134.903652499999,
    "p75": 7267.3716107499995,
    "p90": 7683.503251699999,
    "p95": 7684.478677749999,
    "p99": 7685.33268967,
    "min": 7116.77581,
    "max": 7685.833213,
    "std": 238.93484403009793,
    "count": 128,
    "sum": 930294.986023
  },
  "request_count": {
    "unit": "requests",
    "avg": 128.0
  },
  "time_to_first_token": {
    "unit": "ms",
    "avg": 363.940023609375,
    "p1": 221.12949408999998,
    "p5": 221.55459835,
    "p10": 222.11803719999997,
    "p25": 223.36457625,
    "p50": 225.2819375,
    "p75": 391.24447849999996,
    "p90": 783.2016518999999,
    "p95": 783.6966727,
    "p99": 784.1449847,
    "min": 220.92391999999998,
    "max": 784.330697,
    "std": 241.04989746821434,
    "count": 128,
    "sum": 46584.323022
  },
  "time_to_second_token": {
    "unit": "ms",
    "avg": 54.8281594453125,
    "p1": 53.92454035,
    "p5": 54.1339862,
    "p10": 54.1970616,
    "p25": 54.351930249999995,
    "p50": 54.5395015,
    "p75": 54.8457985,
    "p90": 56.0854967,
    "p95": 56.107579799999996,
    "p99": 56.157549259999996,
    "min": 53.450851,
    "max": 56.278496,
    "std": 0.7364150561101502,
    "count": 128,
    "sum": 7018.004409
  },
  "inter_token_latency": {
    "unit": "ms",
    "avg": 54.36549243518242,
    "p1": 54.28431500433071,
    "p5": 54.29272484763779,
    "p10": 54.296781829133856,
    "p25": 54.30860637598425,
    "p50": 54.341731551181105,
    "p75": 54.387843210629924,
    "p90": 54.48000087716535,
    "p95": 54.483818928740156,
    "p99": 54.489385079685036,
    "min": 54.04664267716535,
    "max": 54.78202532539682,
    "std": 0.08198380233230006,
    "count": 128,
    "sum": 6958.783031703348
  },
  "output_token_throughput": {
    "unit": "tokens/sec",
    "avg": 563.2759027249774
  },
  "output_token_throughput_per_user": {
    "unit": "tokens/sec/user",
    "avg": 18.394062589259914,
    "p1": 18.352198296148472,
    "p5": 18.35407318566596,
    "p10": 18.355359469642373,
    "p25": 18.386474660703673,
    "p50": 18.402063601510655,
    "p75": 18.413287821131053,
    "p90": 18.41729779156377,
    "p95": 18.418674009120885,
    "p99": 18.42152751979231,
    "min": 18.254162639299174,
    "max": 18.502536891574557,
    "std": 0.02769527449156386,
    "count": 128,
    "sum": 2354.440011425268
  },
  "output_sequence_length": {
    "unit": "tokens",
    "avg": 127.9921875,
    "p1": 128.0,
    "p5": 128.0,
    "p10": 128.0,
    "p25": 128.0,
    "p50": 128.0,
    "p75": 128.0,
    "p90": 128.0,
    "p95": 128.0,
    "p99": 128.0,
    "min": 127.0,
    "max": 128.0,
    "std": 0.08804240366863003,
    "count": 128,
    "sum": 16383.0
  },
  "input_sequence_length": {
    "unit": "tokens",
    "avg": 120.0,
    "p1": 120.0,
    "p5": 120.0,
    "p10": 120.0,
    "p25": 120.0,
    "p50": 120.0,
    "p75": 120.0,
    "p90": 120.0,
    "p95": 120.0,
    "p99": 120.0,
    "min": 120.0,
    "max": 120.0,
    "std": 0.0,
    "count": 128,
    "sum": 15360.0
  },
  "output_token_count": {
    "unit": "tokens",
    "avg": 127.9921875,
    "p1": 128.0,
    "p5": 128.0,
    "p10": 128.0,
    "p25": 128.0,
    "p50": 128.0,
    "p75": 128.0,
    "p90": 128.0,
    "p95": 128.0,
    "p99": 128.0,
    "min": 127.0,
    "max": 128.0,
    "std": 0.08804240366863003,
    "count": 128,
    "sum": 16383.0
  },
  "inter_chunk_latency": {
    "unit": "ms",
    "avg": 55.09074639991272,
    "p1": 53.41387738212454,
    "p5": 53.61552565085713,
    "p10": 53.72161017706666,
    "p25": 53.92209974346405,
    "p50": 54.2091902941976,
    "p75": 54.596581455901116,
    "p90": 55.42830044062696,
    "p95": 55.98749875247035,
    "p99": 108.0359914006984,
    "min": 51.518755,
    "max": 114.591534,
    "std": 6.273271507631675,
    "count": 16041,
    "sum": 883710.663001
  },
  "total_output_tokens": {
    "unit": "tokens",
    "avg": 16383.0
  },
  "benchmark_duration": {
    "unit": "sec",
    "avg": 29.085213695
  },
  "total_isl": {
    "unit": "tokens",
    "avg": 15360.0
  },
  "total_osl": {
    "unit": "tokens",
    "avg": 16383.0
  },
  "telemetry_data": {
    "summary": {
      "endpoints_configured": [],
      "endpoints_successful": [],
      "start_time": "2026-07-07T12:29:25.018428",
      "end_time": "2026-07-07T12:29:56.112138"
    },
    "endpoints": {},
    "error_summary": []
  },
  "input_config": {
    "models": {
      "items": [
        {
          "name": "d206ba732169f29bb77fbf80fc2c4b81d4d30782"
        }
      ]
    },
    "endpoint": {
      "urls": [
        "http://127.0.0.1:8000"
      ],
      "type": "completions",
      "streaming": true,
      "extra": {
        "ignore_eos": true
      }
    },
    "datasets": [
      {
        "name": "main",
        "type": "synthetic",
        "entries": 128,
        "prompts": {
          "isl": {
            "mean": 120.0
          },
          "osl": {
            "mean": 128.0
          }
        }
      }
    ],
    "phases": [
      {
        "name": "profiling",
        "type": "concurrency",
        "requests": 128,
        "concurrency": 32
      }
    ],
    "artifacts": {
      "dir": "/tmp/aiperf-seam-trtllm-c32_isl120",
      "records": [
        "jsonl"
      ],
      "auto_plot": false,
      "plot_required": false
    },
    "tokenizer": {
      "name": "/tmp/hf/hub/models--Qwen--Qwen3-30B-A3B-FP8/snapshots/d206ba732169f29bb77fbf80fc2c4b81d4d30782/"
    },
    "gpu_telemetry": {
      "enabled": true
    },
    "server_metrics": {
      "enabled": true,
      "urls": [],
      "formats": [
        "json",
        "csv"
      ]
    },
    "otel": {},
    "mlflow": {},
    "runtime": {
      "ui": "none"
    }
  },
  "run_info": {
    "benchmark_id": "ed1c7bdd1fb5",
    "trial": 0,
    "cli_command": "aiperf profile --model 'd206ba732169f29bb77fbf80fc2c4b81d4d30782' --tokenizer '/tmp/hf/hub/models--Qwen--Qwen3-30B-A3B-FP8/snapshots/d206ba732169f29bb77fbf80fc2c4b81d4d30782/' --url 'http://127.0.0.1:8000' --endpoint-type 'completions' --streaming --concurrency 32 --request-count 128 --synthetic-input-tokens-mean 120 --output-tokens-mean 128 --extra-inputs 'ignore_eos:true' --artifact-dir '/tmp/aiperf-seam-trtllm-c32_isl120'"
  },
  "was_cancelled": false,
  "error_summary": [],
  "start_time": "2026-07-07T12:29:25.018428",
  "end_time": "2026-07-07T12:29:54.107330",
  "http_req_data_received": {
    "unit": "KB",
    "avg": 32.498291015625,
    "p1": 32.156376953125,
    "p5": 32.298583984375,
    "p10": 32.43125,
    "p25": 32.477294921875,
    "p50": 32.515625,
    "p75": 32.546142578125,
    "p90": 32.57548828125,
    "p95": 32.591796875,
    "p99": 32.62919921875,
    "min": 32.142578125,
    "max": 32.642578125,
    "std": 0.08939698302407505,
    "count": 128,
    "sum": 4159.78125
  },
  "time_to_first_output_token": {
    "unit": "ms",
    "avg": 363.940023609375,
    "p1": 221.12949408999998,
    "p5": 221.55459835,
    "p10": 222.11803719999997,
    "p25": 223.36457625,
    "p50": 225.2819375,
    "p75": 391.24447849999996,
    "p90": 783.2016518999999,
    "p95": 783.6966727,
    "p99": 784.1449847,
    "min": 220.92391999999998,
    "max": 784.330697,
    "std": 241.04989746821434,
    "count": 128,
    "sum": 46584.323022
  },
  "http_req_receiving": {
    "unit": "ms",
    "avg": 6904.432404367187,
    "p1": 6894.799899709999,
    "p5": 6895.25898605,
    "p10": 6895.7661881,
    "p25": 6898.56142775,
    "p50": 6901.596482999999,
    "p75": 6907.26274475,
    "p90": 6918.9112268,
    "p95": 6919.36008925,
    "p99": 6920.05098154,
    "min": 6893.898907,
    "max": 6920.171342,
    "std": 8.66806652377002,
    "count": 128,