{
  "schema_version": "1.3",
  "aiperf_version": "0.10.0",
  "benchmark_id": "1a3e4db75f63",
  "request_throughput": {
    "unit": "requests/sec",
    "avg": 0.2697510128157392
  },
  "request_latency": {
    "unit": "ms",
    "avg": 14820.350116925,
    "p1": 14674.23841203,
    "p5": 14675.7729862,
    "p10": 14679.9852626,
    "p25": 14745.419404249998,
    "p50": 14828.7861015,
    "p75": 14847.02963625,
    "p90": 14983.304184999999,
    "p95": 15035.09999185,
    "p99": 15037.61965633,
    "min": 14674.20804,
    "max": 15037.931520999999,
    "std": 111.49609158991666,
    "count": 40,
    "sum": 592814.004677
  },
  "request_count": {
    "unit": "requests",
    "avg": 40.0
  },
  "time_to_first_token": {
    "unit": "ms",
    "avg": 402.90884852499994,
    "p1": 334.66567288,
    "p5": 335.0318361,
    "p10": 336.93377699999996,
    "p25": 340.6559375,
    "p50": 350.3416355,
    "p75": 468.100289,
    "p90": 537.9799445,
    "p95": 539.23721435,
    "p99": 550.85144235,
    "min": 334.648243,
    "max": 550.9955219999999,
    "std": 84.29873420793456,
    "count": 40,
    "sum": 16116.353941
  },
  "time_to_second_token": {
    "unit": "ms",
    "avg": 126.35767287499999,
    "p1": 108.87522134999999,
    "p5": 109.58575309999999,
    "p10": 109.8570129,
    "p25": 110.72984124999999,
    "p50": 112.8977055,
    "p75": 115.11199225,
    "p90": 194.67085619999997,
    "p95": 195.53132885,
    "p99": 196.62197562999998,
    "min": 108.690609,
    "max": 196.654417,
    "std": 30.10408291821028,
    "count": 40,
    "sum": 5054.306915
  },
  "inter_token_latency": {
    "unit": "ms",
    "avg": 113.52333444045607,
    "p1": 112.51748124960629,
    "p5": 112.52870766535432,
    "p10": 112.57680692436024,
    "p25": 112.91721887401575,
    "p50": 113.43481346291088,
    "p75": 114.00914404724409,
    "p90": 114.90804307559054,
    "p95": 115.15881127992125,
    "p99": 115.19762763866142,
    "min": 112.51587478740157,
    "max": 115.20133648031495,
    "std": 0.8063578273387784,
    "count": 40,
    "sum": 4540.933377618241
  },
  "output_token_throughput": {
    "unit": "tokens/sec",
    "avg": 34.52812964041462
  },
  "output_token_throughput_per_user": {
    "unit": "tokens/sec/user",
    "avg": 8.809203721722886,
    "p1": 8.680734335588761,
    "p5": 8.683660357469806,
    "p10": 8.702615481178666,
    "p25": 8.771226488321766,
    "p50": 8.81563589043496,
    "p75": 8.856045251345115,
    "p90": 8.882824478404823,
    "p95": 8.88662121038026,
    "p99": 8.88750787178087,
    "min": 8.680454850199373,
    "max": 8.88763476166805,
    "std": 0.06223232257516834,
    "count": 40,
    "sum": 352.36814886891545
  },
  "output_sequence_length": {
    "unit": "tokens",
    "avg": 128.0,
    "p1": 127.39,
    "p5": 128.0,
    "p10": 128.0,
    "p25": 128.0,
    "p50": 128.0,
    "p75": 128.0,
    "p90": 128.0,
    "p95": 128.0,
    "p99": 128.61,
    "min": 127.0,
    "max": 129.0,
    "std": 0.22360679774997896,
    "count": 40,
    "sum": 5120.0
  },
  "input_sequence_length": {
    "unit": "tokens",
    "avg": 120.0,
    "p1": 120.0,
    "p5": 120.0,
    "p10": 120.0,
    "p25": 120.0,
    "p50": 120.0,
    "p75": 120.0,
    "p90": 120.0,
    "p95": 120.0,
    "p99": 120.0,
    "min": 120.0,
    "max": 120.0,
    "std": 0.0,
    "count": 40,
    "sum": 4800.0
  },
  "output_token_count": {
    "unit": "tokens",
    "avg": 128.0,
    "p1": 127.39,
    "p5": 128.0,
    "p10": 128.0,
    "p25": 128.0,
    "p50": 128.0,
    "p75": 128.0,
    "p90": 128.0,
    "p95": 128.0,
    "p99": 128.61,
    "min": 127.0,
    "max": 129.0,
    "std": 0.22360679774997896,
    "count": 40,
    "sum": 5120.0
  },
  "inter_chunk_latency": {
    "unit": "ms",
    "avg": 113.52315959370078,
    "p1": 108.65011478,
    "p5": 109.7872214,
    "p10": 110.31746116666665,
    "p25": 111.41969213333334,
    "p50": 112.774947152,
    "p75": 114.1359144,
    "p90": 115.53381987499999,
    "p95": 116.6594189,
    "p99": 146.7239857,
    "min": 106.298448,
    "max": 196.654417,
    "std": 5.605010676696828,
    "count": 5080,
    "sum": 576697.6507359999
  },
  "total_output_tokens": {
    "unit": "tokens",
    "avg": 5120.0
  },
  "benchmark_duration": {
    "unit": "sec",
    "avg": 148.28489273300002
  },
  "total_isl": {
    "unit": "tokens",
    "avg": 4800.0
  },
  "total_osl": {
    "unit": "tokens",
    "avg": 5120.0
  },
  "telemetry_data": {
    "summary": {
      "endpoints_configured": [],
      "endpoints_successful": [],
      "start_time": "2026-07-07T02:08:32.728993",
      "end_time": "2026-07-07T02:11:03.021955"
    },
    "endpoints": {},
    "error_summary": []
  },
  "input_config": {
    "models": {
      "items": [
        {
          "name": "/tmp/hf/hub/models--Qwen--Qwen3-30B-A3B-FP8/snapshots/d206ba732169f29bb77fbf80fc2c4b81d4d30782/"
        }
      ]
    },
    "endpoint": {
      "urls": [
        "http://127.0.0.1:30000"
      ],
      "type": "completions",
      "streaming": true,
      "extra": {
        "ignore_eos": true
      }
    },
    "datasets": [
      {
        "name": "main",
        "type": "synthetic",
        "entries": 40,
        "prompts": {
          "isl": {
            "mean": 120.0
          },
          "osl": {
            "mean": 128.0
          }
        }
      }
    ],
    "phases": [
      {
        "name": "profiling",
        "type": "concurrency",
        "requests": 40,
        "concurrency": 4
      }
    ],
    "artifacts": {
      "dir": "/tmp/aiperf-deepep-sglang-c4_isl120",
      "records": [
        "jsonl"
      ],
      "auto_plot": false,
      "plot_required": false
    },
    "tokenizer": {
      "name": "/tmp/hf/hub/models--Qwen--Qwen3-30B-A3B-FP8/snapshots/d206ba732169f29bb77fbf80fc2c4b81d4d30782/"
    },
    "gpu_telemetry": {
      "enabled": true
    },
    "server_metrics": {
      "enabled": true,
      "urls": [],
      "formats": [
        "json",
        "csv"
      ]
    },
    "otel": {},
    "mlflow": {},
    "runtime": {
      "ui": "none"
    }
  },
  "run_info": {
    "benchmark_id": "1a3e4db75f63",
    "trial": 0,
    "cli_command": "aiperf profile --model '/tmp/hf/hub/models--Qwen--Qwen3-30B-A3B-FP8/snapshots/d206ba732169f29bb77fbf80fc2c4b81d4d30782/' --tokenizer '/tmp/hf/hub/models--Qwen--Qwen3-30B-A3B-FP8/snapshots/d206ba732169f29bb77fbf80fc2c4b81d4d30782/' --url 'http://127.0.0.1:30000' --endpoint-type 'completions' --streaming --concurrency 4 --request-count 40 --synthetic-input-tokens-mean 120 --output-tokens-mean 128 --extra-inputs 'ignore_eos:true' --artifact-dir '/tmp/aiperf-deepep-sglang-c4_isl120'"
  },
  "was_cancelled": false,
  "error_summary": [],
  "start_time": "2026-07-07T02:08:32.728993",
  "end_time": "2026-07-07T02:11:01.017261",
  "http_req_data_sent": {
    "unit": "KB",
    "avg": 0.6754638671875,
    "p1": 0.62283203125,
    "p5": 0.6240234375,
    "p10": 0.6384765625,
    "p25": 0.649658203125,
    "p50": 0.68017578125,
    "p75": 0.69873046875,
    "p90": 0.711328125,
    "p95": 0.716064453125,
    "p99": 0.73142578125,
    "min": 0.6220703125,
    "max": 0.73828125,
    "std": 0.02919855531685168,
    "count": 40,
    "sum": 27.0185546875
  },
  "http_req_duration": {
    "unit": "ms",
    "avg": 14820.501169275,
    "p1": 14674.419619909999,
    "p5": 14675.886535799998,
    "p10": 14680.0105337,
    "p25": 14745.48244525,
    "p50": 14828.994149999999,
    "p75": 14846.964332,
    "p90": 14983.3762227,
    "p95": 15035.15427945,
    "p99": 15037.74683289,
    "min": 14674.319246,
    "max": 15037.987521,
    "std": 111.48031991245446,
    "count": 40,
    "sum": 592820.046771
  },
  "http_req_waiting": {
    "unit": "ms",
    "avg": 402.36575575,
    "p1": 334.32628795,
    "p5": 334.63587164999996,
    "p10": 336.621623,
    "p25": 340.31503825,
    "p50": 350.011642,
    "p75": 467.76090174999996,
    "p90": 535.6958853,
    "p95": 536.9351273,
    "p99": 550.47696019,
    "min": 334.313806,
    "max": 550.6178199999999,
    "std": 83.97000808765466,