{
  "schema_version": "1.3",
  "aiperf_version": "0.10.0",
  "benchmark_id": "f640f8bc0a02",
  "request_throughput": {
    "unit": "requests/sec",
    "avg": 0.30316793851257373
  },
  "request_latency": {
    "unit": "ms",
    "avg": 26314.687167921875,
    "p1": 26148.0120449,
    "p5": 26157.101906099997,
    "p10": 26158.8186327,
    "p25": 26176.10195275,
    "p50": 26296.198159,
    "p75": 26428.326504999997,
    "p90": 26504.6262631,
    "p95": 26506.093362099997,
    "p99": 26613.28357797,
    "min": 26139.394066999997,
    "max": 26702.410044,
    "std": 136.3756282084074,
    "count": 64,
    "sum": 1684139.978747
  },
  "request_count": {
    "unit": "requests",
    "avg": 64.0
  },
  "time_to_first_token": {
    "unit": "ms",
    "avg": 503.46027328124995,
    "p1": 243.44938613,
    "p5": 425.80414049999996,
    "p10": 430.47523689999997,
    "p25": 462.26561425,
    "p50": 509.8376965,
    "p75": 529.96540525,
    "p90": 552.2944752999999,
    "p95": 664.1025829999993,
    "p99": 756.1963249399998,
    "min": 243.26148799999999,
    "max": 787.676015,
    "std": 82.8221190341534,
    "count": 64,
    "sum": 32221.457489999997
  },
  "time_to_second_token": {
    "unit": "ms",
    "avg": 226.914307125,
    "p1": 197.17691981,
    "p5": 198.42131609999998,
    "p10": 199.6599343,
    "p25": 202.8230725,
    "p50": 222.92998799999998,
    "p75": 238.49928899999998,
    "p90": 278.8796941,
    "p95": 281.12031284999995,
    "p99": 297.68585864999994,
    "min": 195.51637399999998,
    "max": 297.751533,
    "std": 28.208255381743268,
    "count": 64,
    "sum": 14522.515656
  },
  "inter_token_latency": {
    "unit": "ms",
    "avg": 203.26313415945955,
    "p1": 201.81144231188975,
    "p5": 201.8176709145669,
    "p10": 202.00165635826772,
    "p25": 202.31811258267717,
    "p50": 203.1437033031496,
    "p75": 204.27307089421635,
    "p90": 204.6406171944882,
    "p95": 204.71741024409448,
    "p99": 205.24706149015748,
    "min": 201.8106582992126,
    "max": 205.24965850393698,
    "std": 1.0229348692962197,
    "count": 64,
    "sum": 13008.840586205411
  },
  "output_token_throughput": {
    "unit": "tokens/sec",
    "avg": 38.80075913057018
  },
  "output_token_throughput_per_user": {
    "unit": "tokens/sec/user",
    "avg": 4.9198557595782555,
    "p1": 4.872176940481955,
    "p5": 4.884782387765382,
    "p10": 4.886615442039314,
    "p25": 4.89540843499172,
    "p50": 4.922623658732213,
    "p75": 4.942711195000193,
    "p90": 4.950454456801165,
    "p95": 4.954967501533641,
    "p99": 4.955120426043099,
    "min": 4.8721152926099425,
    "max": 4.955139676108482,
    "std": 0.024734259317002454,
    "count": 64,
    "sum": 314.8707686130083
  },
  "output_sequence_length": {
    "unit": "tokens",
    "avg": 127.984375,
    "p1": 127.63,
    "p5": 128.0,
    "p10": 128.0,
    "p25": 128.0,
    "p50": 128.0,
    "p75": 128.0,
    "p90": 128.0,
    "p95": 128.0,
    "p99": 128.0,
    "min": 127.0,
    "max": 128.0,
    "std": 0.12401959270615269,
    "count": 64,
    "sum": 8191.0
  },
  "input_sequence_length": {
    "unit": "tokens",
    "avg": 120.0,
    "p1": 120.0,
    "p5": 120.0,
    "p10": 120.0,
    "p25": 120.0,
    "p50": 120.0,
    "p75": 120.0,
    "p90": 120.0,
    "p95": 120.0,
    "p99": 120.0,
    "min": 120.0,
    "max": 120.0,
    "std": 0.0,
    "count": 64,
    "sum": 7680.0
  },
  "output_token_count": {
    "unit": "tokens",
    "avg": 127.984375,
    "p1": 127.63,
    "p5": 128.0,
    "p10": 128.0,
    "p25": 128.0,
    "p50": 128.0,
    "p75": 128.0,
    "p90": 128.0,
    "p95": 128.0,
    "p99": 128.0,
    "min": 127.0,
    "max": 128.0,
    "std": 0.12401959270615269,
    "count": 64,
    "sum": 8191.0
  },
  "inter_chunk_latency": {
    "unit": "ms",
    "avg": 203.23800704441436,
    "p1": 195.394063349,
    "p5": 198.3069598142857,
    "p10": 199.28075461272726,
    "p25": 200.7476927194862,
    "p50": 202.51940316288974,
    "p75": 204.6334626,
    "p90": 206.82239373771426,
    "p95": 208.9748324122689,
    "p99": 225.64559489911116,
    "min": 179.722421,
    "max": 301.391121,
    "std": 5.788423655444787,
    "count": 8128,
    "sum": 1651918.5212569998
  },
  "total_output_tokens": {
    "unit": "tokens",
    "avg": 8191.0
  },
  "benchmark_duration": {
    "unit": "sec",
    "avg": 211.10411712400003
  },
  "total_isl": {
    "unit": "tokens",
    "avg": 7680.0
  },
  "total_osl": {
    "unit": "tokens",
    "avg": 8191.0
  },
  "telemetry_data": {
    "summary": {
      "endpoints_configured": [],
      "endpoints_successful": [],
      "start_time": "2026-07-07T00:56:33.867150",
      "end_time": "2026-07-07T01:00:06.980959"
    },
    "endpoints": {},
    "error_summary": []
  },
  "input_config": {
    "models": {
      "items": [
        {
          "name": "Qwen/Qwen3-30B-A3B-FP8"
        }
      ]
    },
    "endpoint": {
      "urls": [
        "http://127.0.0.1:8000"
      ],
      "type": "completions",
      "streaming": true,
      "extra": {
        "ignore_eos": true
      }
    },
    "datasets": [
      {
        "name": "main",
        "type": "synthetic",
        "entries": 64,
        "prompts": {
          "isl": {
            "mean": 120.0
          },
          "osl": {
            "mean": 128.0
          }
        }
      }
    ],
    "phases": [
      {
        "name": "profiling",
        "type": "concurrency",
        "requests": 64,
        "concurrency": 8
      }
    ],
    "artifacts": {
      "dir": "/tmp/aiperf-deepep-vllm-epnc1-c8_isl120",
      "records": [
        "jsonl"
      ],
      "auto_plot": false,
      "plot_required": false
    },
    "tokenizer": {
      "name": "Qwen/Qwen3-30B-A3B-FP8"
    },
    "gpu_telemetry": {
      "enabled": true
    },
    "server_metrics": {
      "enabled": true,
      "urls": [],
      "formats": [
        "json",
        "csv"
      ]
    },
    "otel": {},
    "mlflow": {},
    "runtime": {
      "ui": "none"
    }
  },
  "run_info": {
    "benchmark_id": "f640f8bc0a02",
    "trial": 0,
    "cli_command": "aiperf profile --model 'Qwen/Qwen3-30B-A3B-FP8' --tokenizer 'Qwen/Qwen3-30B-A3B-FP8' --url 'http://127.0.0.1:8000' --endpoint-type 'completions' --streaming --concurrency 8 --request-count 64 --synthetic-input-tokens-mean 120 --output-tokens-mean 128 --extra-inputs 'ignore_eos:true' --artifact-dir '/tmp/aiperf-deepep-vllm-epnc1-c8_isl120'"
  },
  "was_cancelled": false,
  "error_summary": [],
  "start_time": "2026-07-07T00:56:33.867150",
  "end_time": "2026-07-07T01:00:04.975070",
  "http_req_chunks_received": {
    "unit": "count",
    "avg": 128.0,
    "p1": 128.0,
    "p5": 128.0,
    "p10": 128.0,
    "p25": 128.0,
    "p50": 128.0,
    "p75": 128.0,
    "p90": 128.0,
    "p95": 128.0,
    "p99": 128.0,
    "min": 128.0,
    "max": 128.0,
    "std": 0.0,
    "count": 64,
    "sum": 8192.0
  },
  "http_req_waiting": {
    "unit": "ms",
    "avg": 502.875593875,
    "p1": 241.10813344999997,
    "p5": 425.4700215,
    "p10": 430.1419093,
    "p25": 461.943602,
    "p50": 509.098705,
    "p75": 529.6516204999999,
    "p90": 552.0236276,
    "p95": 663.7214883499993,
    "p99": 755.8920647199999,
    "min": 240.95049799999998,
    "max": 787.385548,
    "std": 82.96666385638297,
    "count": 64,
    "sum": 32184.038008
  },
  "http_req_connecting": {
    "unit": "ms",
    "avg": 0.2303455625,
    "p1": 0.0,
    "p5": 0.0,
    "p10": 0.0,
    "p25": 0.0,
    "p50": 0.0,
    "p75": 0.0,
    "p90": 1.742096,
    "p95": 1.8764704499999993,
    "p99": 1.9400490999999997,
    "min": 0.0,
    "max": 1.9960749999999998,
    "std": 0.6102207112389969,
    "count": 64,
    "sum": 14.742116
  },
  "http_req_data_sent": {
    "unit": "KB",
    "avg": 0.6066436767578125,
    "p1": 0.54861328125,
    "p5": 0.564208984375,
    "p10": 0.57060546875,
    "p25": 0.590576171875,
    "p50": 0.6103515625,
    "p75": 0.624267578125,
    "p90": 0.6376953125,
    "p95": 0.640478515625,
    "p99": 0.6550097656249999,
    "min": 0.544921875,