{
  "schema_version": "1.3",
  "aiperf_version": "0.10.0",
  "benchmark_id": "4e0310c5ec5b",
  "request_throughput": {
    "unit": "requests/sec",
    "avg": 1.1300125893585808
  },
  "request_latency": {
    "unit": "ms",
    "avg": 28255.415758460935,
    "p1": 26535.05354856,
    "p5": 26736.41241325,
    "p10": 26737.0025964,
    "p25": 27031.56199075,
    "p50": 27328.626280999997,
    "p75": 28947.793455249997,
    "p90": 31486.9609808,
    "p95": 31487.801858749997,
    "p99": 31692.50270065,
    "min": 26534.040505999998,
    "max": 31692.877333999997,
    "std": 1838.5396654000974,
    "count": 128,
    "sum": 3616693.2170829996
  },
  "request_count": {
    "unit": "requests",
    "avg": 128.0
  },
  "time_to_first_token": {
    "unit": "ms",
    "avg": 1082.41284265625,
    "p1": 253.31642716999997,
    "p5": 577.5258676,
    "p10": 657.9740519,
    "p25": 855.37511475,
    "p50": 898.9730509999999,
    "p75": 1145.401038,
    "p90": 1505.4283347,
    "p95": 1594.48696155,
    "p99": 4651.882343640016,
    "min": 252.55127499999998,
    "max": 5781.762603,
    "std": 660.0048066027396,
    "count": 128,
    "sum": 138548.84386
  },
  "time_to_second_token": {
    "unit": "ms",
    "avg": 690.9875110625,
    "p1": 197.34682724,
    "p5": 199.43419684999998,
    "p10": 202.2366525,
    "p25": 207.67724375,
    "p50": 269.35305,
    "p75": 597.92478425,
    "p90": 625.6796702,
    "p95": 4711.64973085,
    "p99": 4712.67038662,
    "min": 196.52263399999998,
    "max": 4712.923594,
    "std": 1241.4946709207634,
    "count": 128,
    "sum": 88446.401416
  },
  "inter_token_latency": {
    "unit": "ms",
    "avg": 213.96301500636548,
    "p1": 203.21200145692913,
    "p5": 203.55631353740156,
    "p10": 203.8044133472441,
    "p25": 204.80112656580644,
    "p50": 206.05652764173226,
    "p75": 208.91527164763778,
    "p90": 240.83623384173228,
    "p95": 240.83947277874012,
    "p99": 240.87244934527558,
    "min": 203.18983385826772,
    "max": 242.78436704761904,
    "std": 14.734311075529902,
    "count": 128,
    "sum": 27387.265920814785
  },
  "output_token_throughput": {
    "unit": "tokens/sec",
    "avg": 144.64161143789835
  },
  "output_token_throughput_per_user": {
    "unit": "tokens/sec/user",
    "avg": 4.69425693325398,
    "p1": 4.1515748403035495,
    "p5": 4.152143286411041,
    "p10": 4.15219912738392,
    "p25": 4.786727782800652,
    "p50": 4.853037229728413,
    "p75": 4.8827923483747435,
    "p90": 4.906665089291734,
    "p95": 4.912645465176172,
    "p99": 4.920969316215957,
    "min": 4.118881343805232,
    "max": 4.921506066575831,
    "std": 0.2984957574043638,
    "count": 128,
    "sum": 600.8648874565096
  },
  "output_sequence_length": {
    "unit": "tokens",
    "avg": 128.0,
    "p1": 128.0,
    "p5": 128.0,
    "p10": 128.0,
    "p25": 128.0,
    "p50": 128.0,
    "p75": 128.0,
    "p90": 128.0,
    "p95": 128.0,
    "p99": 128.0,
    "min": 127.0,
    "max": 129.0,
    "std": 0.125,
    "count": 128,
    "sum": 16384.0
  },
  "input_sequence_length": {
    "unit": "tokens",
    "avg": 120.0,
    "p1": 120.0,
    "p5": 120.0,
    "p10": 120.0,
    "p25": 120.0,
    "p50": 120.0,
    "p75": 120.0,
    "p90": 120.0,
    "p95": 120.0,
    "p99": 120.0,
    "min": 120.0,
    "max": 120.0,
    "std": 0.0,
    "count": 128,
    "sum": 15360.0
  },
  "output_token_count": {
    "unit": "tokens",
    "avg": 128.0,
    "p1": 128.0,
    "p5": 128.0,
    "p10": 128.0,
    "p25": 128.0,
    "p50": 128.0,
    "p75": 128.0,
    "p90": 128.0,
    "p95": 128.0,
    "p99": 128.0,
    "min": 127.0,
    "max": 129.0,
    "std": 0.125,
    "count": 128,
    "sum": 16384.0
  },
  "inter_chunk_latency": {
    "unit": "ms",
    "avg": 213.96065288035186,
    "p1": 197.19345020375002,
    "p5": 199.52456124907636,
    "p10": 200.56091183545453,
    "p25": 202.24797805635987,
    "p50": 203.95452051017216,
    "p75": 205.6974219974286,
    "p90": 207.94591734258063,
    "p95": 209.700222758733,
    "p99": 218.58726359172164,
    "min": 185.83637299999998,
    "max": 4886.098019,
    "std": 196.22639012218113,
    "count": 16256,
    "sum": 3478144.3732229997
  },
  "total_output_tokens": {
    "unit": "tokens",
    "avg": 16384.0
  },
  "benchmark_duration": {
    "unit": "sec",
    "avg": 113.27307430500001
  },
  "total_isl": {
    "unit": "tokens",
    "avg": 15360.0
  },
  "total_osl": {
    "unit": "tokens",
    "avg": 16384.0
  },
  "telemetry_data": {
    "summary": {
      "endpoints_configured": [],
      "endpoints_successful": [],
      "start_time": "2026-07-07T01:00:14.166317",
      "end_time": "2026-07-07T01:02:09.449408"
    },
    "endpoints": {},
    "error_summary": []
  },
  "input_config": {
    "models": {
      "items": [
        {
          "name": "Qwen/Qwen3-30B-A3B-FP8"
        }
      ]
    },
    "endpoint": {
      "urls": [
        "http://127.0.0.1:8000"
      ],
      "type": "completions",
      "streaming": true,
      "extra": {
        "ignore_eos": true
      }
    },
    "datasets": [
      {
        "name": "main",
        "type": "synthetic",
        "entries": 128,
        "prompts": {
          "isl": {
            "mean": 120.0
          },
          "osl": {
            "mean": 128.0
          }
        }
      }
    ],
    "phases": [
      {
        "name": "profiling",
        "type": "concurrency",
        "requests": 128,
        "concurrency": 32
      }
    ],
    "artifacts": {
      "dir": "/tmp/aiperf-deepep-vllm-epnc1-c32_isl120",
      "records": [
        "jsonl"
      ],
      "auto_plot": false,
      "plot_required": false
    },
    "tokenizer": {
      "name": "Qwen/Qwen3-30B-A3B-FP8"
    },
    "gpu_telemetry": {
      "enabled": true
    },
    "server_metrics": {
      "enabled": true,
      "urls": [],
      "formats": [
        "json",
        "csv"
      ]
    },
    "otel": {},
    "mlflow": {},
    "runtime": {
      "ui": "none"
    }
  },
  "run_info": {
    "benchmark_id": "4e0310c5ec5b",
    "trial": 0,
    "cli_command": "aiperf profile --model 'Qwen/Qwen3-30B-A3B-FP8' --tokenizer 'Qwen/Qwen3-30B-A3B-FP8' --url 'http://127.0.0.1:8000' --endpoint-type 'completions' --streaming --concurrency 32 --request-count 128 --synthetic-input-tokens-mean 120 --output-tokens-mean 128 --extra-inputs 'ignore_eos:true' --artifact-dir '/tmp/aiperf-deepep-vllm-epnc1-c32_isl120'"
  },
  "was_cancelled": false,
  "error_summary": [],
  "start_time": "2026-07-07T01:00:14.166317",
  "end_time": "2026-07-07T01:02:07.443273",
  "http_req_receiving": {
    "unit": "ms",
    "avg": 27173.022422070313,
    "p1": 25807.97514647,
    "p5": 25851.6979018,
    "p10": 25883.2116736,
    "p25": 26027.535841499997,
    "p50": 26169.184601499997,
    "p75": 26532.244673499998,
    "p90": 30586.2103683,
    "p95": 30586.6236895,
    "p99": 30590.55590047,
    "min": 25805.164292999998,
    "max": 30591.193761,
    "std": 1866.7078040065264,
    "count": 128,
    "sum": 3478146.870025
  },
  "http_req_connecting": {
    "unit": "ms",
    "avg": 1.139125953125,
    "p1": 0.0,
    "p5": 0.0,
    "p10": 0.0,
    "p25": 0.0,
    "p50": 0.0,
    "p75": 0.296001,
    "p90": 1.6854803,
    "p95": 1.93227025,
    "p99": 2.3325598500000004,
    "min": 0.0,
    "max": 94.865217,
    "std": 8.347954535481902,
    "count": 128,
    "sum": 145.808122
  },
  "http_req_duration": {
    "unit": "ms",
    "avg": 28255.30361775781,
    "p1": 26534.875579019998,
    "p5": 26736.223203999998,
    "p10": 26736.8280014,
    "p25": 27031.444182,
    "p50": 27328.526143,
    "p75": 28947.6959785,
    "p90": 31486.871418400002,
    "p95": 31487.707944449998,
    "p99": 31692.42092478,
    "min": 26533.874556,
    "max": 31692.795822,
    "std": 1838.5613304512592,
    "count": 128,
    "sum": 3616678.8630729998
  },
  "http_req_sending": {
    "unit": "ms",
    "avg": 1.4006396953125,
    "p1": 0.17678066,
    "p5": 0.18327754999999998,
    "p10": 0.18586779999999997,
    "p25": 0.20532899999999998,