{
  "schema_version": "1.3",
  "aiperf_version": "0.10.0",
  "benchmark_id": "854fea3013d8",
  "request_throughput": {
    "unit": "requests/sec",
    "avg": 0.5284047034975111
  },
  "request_latency": {
    "unit": "ms",
    "avg": 7566.0539117749995,
    "p1": 6926.606383439999,
    "p5": 6926.650669649999,
    "p10": 6929.5968297,
    "p25": 6934.41359775,
    "p50": 6949.6776955,
    "p75": 6960.91502625,
    "p90": 7603.427940200008,
    "p95": 13139.0878939,
    "p99": 13139.283334009999,
    "min": 6926.583297,
    "max": 13139.400818,
    "std": 1853.3008009026337,
    "count": 40,
    "sum": 302642.156471
  },
  "request_count": {
    "unit": "requests",
    "avg": 40.0
  },
  "time_to_first_token": {
    "unit": "ms",
    "avg": 781.0403710499999,
    "p1": 163.74243287,
    "p5": 164.05298685,
    "p10": 164.08894069999997,
    "p25": 164.4363105,
    "p50": 165.304825,
    "p75": 165.6562755,
    "p90": 782.1387386000087,
    "p95": 6337.43021035,
    "p99": 6337.60756913,
    "min": 163.58408,
    "max": 6337.683398,
    "std": 1847.6086820492098,
    "count": 40,
    "sum": 31241.614842
  },
  "time_to_second_token": {
    "unit": "ms",
    "avg": 56.246247999999994,
    "p1": 52.94594754999999,
    "p5": 53.0321855,
    "p10": 53.0675607,
    "p25": 53.19911475,
    "p50": 53.4189735,
    "p75": 53.861926749999995,
    "p90": 54.9683874,
    "p95": 57.58201504999985,
    "p99": 106.5285196,
    "min": 52.908528999999994,
    "max": 106.817689,
    "std": 11.53202148223807,
    "count": 40,
    "sum": 2249.84992
  },
  "inter_token_latency": {
    "unit": "ms",
    "avg": 53.42530347027559,
    "p1": 53.23756488645669,
    "p5": 53.23898041102362,
    "p10": 53.26821587007874,
    "p25": 53.3032326496063,
    "p50": 53.40209782283465,
    "p75": 53.51591715551181,
    "p90": 53.57687106535433,
    "p95": 53.76855626023622,
    "p99": 53.76939594732283,
    "min": 53.237110944881884,
    "max": 53.76947539370078,
    "std": 0.15031051927679379,
    "count": 40,
    "sum": 2137.0121388110238
  },
  "output_token_throughput": {
    "unit": "tokens/sec",
    "avg": 67.63580204768142
  },
  "output_token_throughput_per_user": {
    "unit": "tokens/sec/user",
    "avg": 18.71787024758971,
    "p1": 18.59794000630212,
    "p5": 18.598230444748868,
    "p10": 18.664784647963764,
    "p25": 18.686029381723728,
    "p50": 18.72585916522624,
    "p75": 18.760588247682414,
    "p90": 18.772921445311148,
    "p95": 18.7832297367247,
    "p99": 18.783729162791047,
    "min": 18.59791252709808,
    "max": 18.783889325537075,
    "std": 0.05254678571169315,
    "count": 40,
    "sum": 748.714809903588
  },
  "output_sequence_length": {
    "unit": "tokens",
    "avg": 128.0,
    "p1": 128.0,
    "p5": 128.0,
    "p10": 128.0,
    "p25": 128.0,
    "p50": 128.0,
    "p75": 128.0,
    "p90": 128.0,
    "p95": 128.0,
    "p99": 128.0,
    "min": 128.0,
    "max": 128.0,
    "std": 0.0,
    "count": 40,
    "sum": 5120.0
  },
  "input_sequence_length": {
    "unit": "tokens",
    "avg": 120.0,
    "p1": 120.0,
    "p5": 120.0,
    "p10": 120.0,
    "p25": 120.0,
    "p50": 120.0,
    "p75": 120.0,
    "p90": 120.0,
    "p95": 120.0,
    "p99": 120.0,
    "min": 120.0,
    "max": 120.0,
    "std": 0.0,
    "count": 40,
    "sum": 4800.0
  },
  "output_token_count": {
    "unit": "tokens",
    "avg": 128.0,
    "p1": 128.0,
    "p5": 128.0,
    "p10": 128.0,
    "p25": 128.0,
    "p50": 128.0,
    "p75": 128.0,
    "p90": 128.0,
    "p95": 128.0,
    "p99": 128.0,
    "min": 128.0,
    "max": 128.0,
    "std": 0.0,
    "count": 40,
    "sum": 5120.0
  },
  "inter_chunk_latency": {
    "unit": "ms",
    "avg": 54.42160449749348,
    "p1": 52.647418578,
    "p5": 52.82107688333333,
    "p10": 52.9201749620915,
    "p25": 53.08172640946969,
    "p50": 53.28244865112665,
    "p75": 53.604282962962955,
    "p90": 54.18759874285714,
    "p95": 54.88268872916666,
    "p99": 106.56237822249999,
    "min": 52.464358999999995,
    "max": 111.18171799999999,
    "std": 7.249555969831763,
    "count": 4987,
    "sum": 271400.541629
  },
  "total_output_tokens": {
    "unit": "tokens",
    "avg": 5120.0
  },
  "benchmark_duration": {
    "unit": "sec",
    "avg": 75.699553269
  },
  "total_isl": {
    "unit": "tokens",
    "avg": 4800.0
  },
  "total_osl": {
    "unit": "tokens",
    "avg": 5120.0
  },
  "telemetry_data": {
    "summary": {
      "endpoints_configured": [],
      "endpoints_successful": [],
      "start_time": "2026-07-07T12:26:51.121815",
      "end_time": "2026-07-07T12:28:08.830500"
    },
    "endpoints": {},
    "error_summary": []
  },
  "input_config": {
    "models": {
      "items": [
        {
          "name": "d206ba732169f29bb77fbf80fc2c4b81d4d30782"
        }
      ]
    },
    "endpoint": {
      "urls": [
        "http://127.0.0.1:8000"
      ],
      "type": "completions",
      "streaming": true,
      "extra": {
        "ignore_eos": true
      }
    },
    "datasets": [
      {
        "name": "main",
        "type": "synthetic",
        "entries": 40,
        "prompts": {
          "isl": {
            "mean": 120.0
          },
          "osl": {
            "mean": 128.0
          }
        }
      }
    ],
    "phases": [
      {
        "name": "profiling",
        "type": "concurrency",
        "requests": 40,
        "concurrency": 4
      }
    ],
    "artifacts": {
      "dir": "/tmp/aiperf-seam-trtllm-c4_isl120",
      "records": [
        "jsonl"
      ],
      "auto_plot": false,
      "plot_required": false
    },
    "tokenizer": {
      "name": "/tmp/hf/hub/models--Qwen--Qwen3-30B-A3B-FP8/snapshots/d206ba732169f29bb77fbf80fc2c4b81d4d30782/"
    },
    "gpu_telemetry": {
      "enabled": true
    },
    "server_metrics": {
      "enabled": true,
      "urls": [],
      "formats": [
        "json",
        "csv"
      ]
    },
    "otel": {},
    "mlflow": {},
    "runtime": {
      "ui": "none"
    }
  },
  "run_info": {
    "benchmark_id": "854fea3013d8",
    "trial": 0,
    "cli_command": "aiperf profile --model 'd206ba732169f29bb77fbf80fc2c4b81d4d30782' --tokenizer '/tmp/hf/hub/models--Qwen--Qwen3-30B-A3B-FP8/snapshots/d206ba732169f29bb77fbf80fc2c4b81d4d30782/' --url 'http://127.0.0.1:8000' --endpoint-type 'completions' --streaming --concurrency 4 --request-count 40 --synthetic-input-tokens-mean 120 --output-tokens-mean 128 --extra-inputs 'ignore_eos:true' --artifact-dir '/tmp/aiperf-seam-trtllm-c4_isl120'"
  },
  "was_cancelled": false,
  "error_summary": [],
  "start_time": "2026-07-07T12:26:51.121815",
  "end_time": "2026-07-07T12:28:06.825043",
  "http_req_duration": {
    "unit": "ms",
    "avg": 7565.964020449999,
    "p1": 6926.52583331,
    "p5": 6926.5676668,
    "p10": 6929.5181311999995,
    "p25": 6934.338401499999,
    "p50": 6949.599642499999,
    "p75": 6960.83976575,
    "p90": 7603.338970200008,
    "p95": 13138.89797845,
    "p99": 13139.11723174,
    "min": 6926.504215999999,
    "max": 13139.238417999999,
    "std": 1853.271880749329,
    "count": 40,
    "sum": 302638.560818
  },
  "http_req_data_received": {
    "unit": "KB",
    "avg": 32.5009033203125,
    "p1": 32.190576171875,
    "p5": 32.288525390625,
    "p10": 32.42412109375,
    "p25": 32.49267578125,
    "p50": 32.521484375,
    "p75": 32.54931640625,
    "p90": 32.56953125,
    "p95": 32.595263671875,
    "p99": 32.606064453125,
    "min": 32.158203125,
    "max": 32.6064453125,
    "std": 0.0906306791170367,
    "count": 40,
    "sum": 1300.0361328125
  },
  "http_req_connection_reused": {
    "unit": "ratio",
    "avg": 0.9,
    "p1": 0.0,
    "p5": 0.0,
    "p10": 0.9000000000000004,
    "p25": 1.0,
    "p50": 1.0,
    "p75": 1.0,
    "p90": 1.0,
    "p95": 1.0,
    "p99": 1.0,
    "min": 0.0,
    "max": 1.0,
    "std": 0.3,
    "count": 40,
    "sum": 36.0
  },
  "http_req_chunks_received": {
    "unit": "count",
    "avg": 128.0,
    "p1": 128.0,
    "p5": 128.0,
    "p10": 128.0,
    "p25": 128.0,
    "p50": 128.0,